Year_released,theme,title_count
1950,space_opera,2
1951,aliens,2
1951,military,1
1951,space_opera,2
1952,robots,1
1953,aliens,3
1953,dystopia,1
1953,robots,1
1953,space_opera,4
1954,steampunk,1
1955,aliens,2
1955,apocalyptic,1
1955,space_opera,1
1956,aliens,3
1956,apocalyptic,1
1956,dystopia,1
1956,robots,1
1956,space_opera,1
1956,time_travel,1
1957,aliens,4
1957,apocalyptic,1
1957,military,1
1957,space_opera,3
1958,aliens,5
1958,space_opera,3
1959,aliens,3
1959,apocalyptic,2
1959,dystopia,1
1959,military,1
1959,robots,1
1959,space_opera,4
1959,time_travel,1
1960,aliens,1
1960,dystopia,1
1960,military,1
1960,space_opera,1
1960,steampunk,1
1960,time_travel,1
1961,aliens,1
1961,space_opera,1
1962,aliens,1
1962,apocalyptic,2
1962,dystopia,1
1962,space_opera,1
1962,time_travel,1
1963,aliens,4
1963,alternate_universe,1
1963,dystopia,1
1963,robots,1
1963,space_opera,2
1963,time_travel,1
1964,aliens,4
1964,apocalyptic,2
1964,robots,2
1964,space_opera,2
1964,time_travel,2
1965,aliens,1
1965,apocalyptic,2
1965,dystopia,1
1965,robots,1
1965,space_opera,2
1965,time_travel,2
1966,aliens,3
1966,dystopia,1
1966,military,1
1966,robots,1
1966,space_opera,1
1966,time_travel,1
1967,aliens,3
1967,dystopia,1
1967,space_opera,1
1968,aliens,4
1968,apocalyptic,1
1968,dystopia,1
1968,robots,2
1968,space_opera,4
1968,time_travel,2
1969,aliens,1
1969,apocalyptic,1
1969,dystopia,1
1969,space_opera,3
1970,aliens,1
1970,dystopia,1
1970,military,1
1970,robots,1
1970,space_opera,2
1971,aliens,3
1971,apocalyptic,2
1971,dystopia,4
1971,robots,1
1971,space_opera,2
1971,time_travel,1
1972,aliens,2
1972,dystopia,3
1972,robots,2
1972,space_opera,2
1972,time_travel,1
1973,aliens,3
1973,apocalyptic,2
1973,cyberpunk,1
1973,dystopia,5
1973,robots,4
1973,space_opera,1
1973,time_travel,1
1974,aliens,1
1974,alternate_universe,1
1974,apocalyptic,2
1974,dystopia,1
1974,robots,2
1974,space_opera,2
1974,time_travel,1
1975,aliens,1
1975,apocalyptic,3
1975,dystopia,4
1975,robots,2
1975,space_opera,1
1976,aliens,1
1976,apocalyptic,1
1976,dystopia,2
1976,robots,2
1977,aliens,1
1977,alternate_universe,1
1977,apocalyptic,3
1977,robots,3
1977,space_opera,2
1977,time_travel,1
1978,aliens,5
1978,apocalyptic,1
1978,military,1
1978,robots,2
1978,space_opera,6
1979,aliens,7
1979,apocalyptic,3
1979,dystopia,3
1979,robots,8
1979,space_opera,8
1979,time_travel,3
1980,aliens,7
1980,apocalyptic,3
1980,dystopia,1
1980,robots,5
1980,space_opera,6
1980,time_travel,2
1981,aliens,4
1981,apocalyptic,2
1981,cyberpunk,1
1981,dystopia,2
1981,military,1
1981,space_opera,1
1981,steampunk,1
1981,time_travel,1
1982,aliens,5
1982,alternate_history,1
1982,cyberpunk,1
1982,dystopia,4
1982,robots,2
1982,space_opera,7
1982,time_travel,3
1983,aliens,2
1983,alternate_universe,1
1983,apocalyptic,5
1983,cyberpunk,1
1983,dystopia,4
1983,robots,2
1983,space_opera,3
1984,aliens,8
1984,apocalyptic,6
1984,dystopia,5
1984,military,6
1984,robots,4
1984,space_opera,4
1984,steampunk,1
1984,time_travel,4
1985,aliens,6
1985,apocalyptic,8
1985,cyberpunk,1
1985,dystopia,4
1985,robots,2
1985,space_opera,3
1985,steampunk,1
1985,time_travel,3
1986,aliens,9
1986,alternate_universe,1
1986,apocalyptic,6
1986,cyberpunk,1
1986,dystopia,2
1986,military,1
1986,robots,8
1986,space_opera,6
1986,time_travel,5
1987,aliens,5
1987,alternate_universe,1
1987,apocalyptic,3
1987,cyberpunk,1
1987,dystopia,3
1987,robots,9
1987,space_opera,6
1987,time_travel,3
1988,aliens,9
1988,apocalyptic,3
1988,cyberpunk,2
1988,dystopia,2
1988,military,2
1988,robots,2
1988,space_opera,5
1989,aliens,6
1989,alternate_history,1
1989,apocalyptic,5
1989,cyberpunk,2
1989,dystopia,2
1989,robots,7
1989,space_opera,4
1989,time_travel,5
1990,aliens,6
1990,apocalyptic,3
1990,cyberpunk,4
1990,dystopia,4
1990,robots,8
1990,space_opera,3
1990,steampunk,1
1990,time_travel,2
1991,aliens,5
1991,apocalyptic,3
1991,cyberpunk,2
1991,dystopia,2
1991,robots,6
1991,space_opera,2
1991,steampunk,1
1991,time_travel,6
1992,aliens,3
1992,apocalyptic,2
1992,cyberpunk,5
1992,dystopia,4
1992,robots,4
1992,space_opera,3
1992,time_travel,3
1993,aliens,9
1993,apocalyptic,2
1993,cyberpunk,4
1993,dystopia,5
1993,robots,6
1993,space_opera,3
1993,time_travel,6
1994,aliens,2
1994,apocalyptic,4
1994,cyberpunk,2
1994,dystopia,3
1994,military,1
1994,robots,4
1994,space_opera,5
1994,time_travel,3
1995,aliens,4
1995,alternate_history,2
1995,alternate_universe,2
1995,apocalyptic,4
1995,cyberpunk,7
1995,dystopia,8
1995,military,1
1995,robots,4
1995,space_opera,2
1995,steampunk,1
1995,time_travel,3
1996,aliens,9
1996,alternate_history,1
1996,apocalyptic,3
1996,cyberpunk,2
1996,dystopia,2
1996,military,1
1996,robots,7
1996,space_opera,3
1996,time_travel,3
1997,aliens,9
1997,alternate_universe,1
1997,apocalyptic,2
1997,cyberpunk,2
1997,dystopia,5
1997,military,4
1997,robots,5
1997,space_opera,7
1998,aliens,7
1998,alternate_history,1
1998,alternate_universe,1
1998,apocalyptic,1
1998,cyberpunk,1
1998,dystopia,3
1998,military,5
1998,robots,2
1998,space_opera,4
1998,time_travel,4
1999,aliens,13
1999,alternate_history,1
1999,alternate_universe,1
1999,apocalyptic,3
1999,cyberpunk,3
1999,dystopia,4
1999,military,1
1999,robots,6
1999,space_opera,8
1999,steampunk,1
1999,time_travel,5
2000,aliens,10
2000,apocalyptic,1
2000,cyberpunk,2
2000,dystopia,7
2000,military,2
2000,robots,2
2000,space_opera,8
2000,time_travel,3
2001,aliens,10
2001,alternate_history,1
2001,alternate_universe,2
2001,apocalyptic,3
2001,cyberpunk,2
2001,dystopia,4
2001,military,1
2001,robots,7
2001,space_opera,4
2001,steampunk,3
2001,time_travel,4
2002,aliens,8
2002,apocalyptic,5
2002,cyberpunk,3
2002,dystopia,5
2002,robots,5
2002,space_opera,6
2002,steampunk,2
2002,time_travel,3
2003,aliens,7
2003,alternate_universe,1
2003,apocalyptic,3
2003,cyberpunk,4
2003,dystopia,7
2003,military,1
2003,robots,8
2003,space_opera,3
2003,steampunk,2
2003,time_travel,5
2004,aliens,3
2004,alternate_universe,1
2004,apocalyptic,5
2004,cyberpunk,4
2004,dystopia,8
2004,military,1
2004,robots,10
2004,space_opera,6
2004,steampunk,2
2004,time_travel,6
2005,aliens,11
2005,alternate_universe,1
2005,apocalyptic,2
2005,cyberpunk,1
2005,dystopia,6
2005,military,2
2005,robots,3
2005,space_opera,7
2005,steampunk,1
2005,time_travel,5
2006,aliens,13
2006,alternate_universe,1
2006,apocalyptic,5
2006,cyberpunk,3
2006,dystopia,7
2006,robots,3
2006,space_opera,2
2006,steampunk,2
2006,time_travel,6
2007,aliens,9
2007,alternate_universe,1
2007,apocalyptic,8
2007,cyberpunk,4
2007,dystopia,5
2007,military,2
2007,robots,8
2007,space_opera,5
2007,steampunk,2
2007,time_travel,11
2008,aliens,12
2008,apocalyptic,8
2008,cyberpunk,3
2008,dystopia,11
2008,military,3
2008,robots,8
2008,space_opera,9
2008,time_travel,9
2009,aliens,21
2009,alternate_history,2
2009,alternate_universe,2
2009,apocalyptic,7
2009,cyberpunk,1
2009,dystopia,11
2009,military,3
2009,robots,9
2009,space_opera,14
2009,steampunk,2
2009,time_travel,6
2010,aliens,10
2010,apocalyptic,9
2010,cyberpunk,2
2010,dystopia,10
2010,military,3
2010,robots,5
2010,space_opera,3
2010,steampunk,1
2010,time_travel,3
2011,aliens,16
2011,alternate_universe,1
2011,apocalyptic,12
2011,cyberpunk,1
2011,dystopia,6
2011,robots,9
2011,space_opera,8
2011,time_travel,6
2012,aliens,14
2012,alternate_universe,1
2012,apocalyptic,11
2012,cyberpunk,2
2012,dystopia,8
2012,military,4
2012,robots,8
2012,space_opera,7
2012,steampunk,1
2012,time_travel,9
2013,aliens,17
2013,alternate_history,1
2013,alternate_universe,1
2013,apocalyptic,14
2013,cyberpunk,2
2013,dystopia,19
2013,military,2
2013,robots,10
2013,space_opera,8
2013,time_travel,6
2014,aliens,18
2014,alternate_universe,2
2014,apocalyptic,15
2014,cyberpunk,3
2014,dystopia,13
2014,military,2
2014,robots,12
2014,space_opera,9
2014,time_travel,14
2015,aliens,14
2015,alternate_history,4
2015,alternate_universe,1
2015,apocalyptic,19
2015,cyberpunk,3
2015,dystopia,16
2015,military,3
2015,robots,17
2015,space_opera,12
2015,steampunk,2
2015,time_travel,13
2016,aliens,9
2016,alternate_history,1
2016,alternate_universe,1
2016,apocalyptic,10
2016,cyberpunk,3
2016,dystopia,10
2016,military,4
2016,robots,8
2016,space_opera,9
2016,time_travel,12
2017,aliens,18
2017,alternate_history,1
2017,alternate_universe,4
2017,apocalyptic,10
2017,cyberpunk,6
2017,dystopia,19
2017,military,5
2017,robots,14
2017,space_opera,10
2017,time_travel,11
2018,aliens,14
2018,alternate_universe,4
2018,apocalyptic,9
2018,cyberpunk,4
2018,dystopia,15
2018,military,3
2018,robots,18
2018,space_opera,13
2018,steampunk,1
2018,time_travel,9
2019,aliens,16
2019,alternate_history,3
2019,alternate_universe,5
2019,apocalyptic,11
2019,cyberpunk,6
2019,dystopia,12
2019,military,4
2019,robots,8
2019,space_opera,7
2019,steampunk,2
2019,time_travel,12
2020,aliens,13
2020,alternate_history,1
2020,alternate_universe,1
2020,apocalyptic,13
2020,cyberpunk,2
2020,dystopia,10
2020,military,3
2020,robots,9
2020,space_opera,10
2020,time_travel,12
2021,aliens,11
2021,alternate_universe,1
2021,apocalyptic,14
2021,cyberpunk,3
2021,dystopia,10
2021,military,3
2021,robots,14
2021,space_opera,8
2021,time_travel,11
2022,aliens,20
2022,alternate_history,1
2022,alternate_universe,3
2022,apocalyptic,9
2022,cyberpunk,2
2022,dystopia,7
2022,military,3
2022,robots,11
2022,space_opera,10
2022,time_travel,18
2023,aliens,6
2023,alternate_universe,3
2023,apocalyptic,10
2023,cyberpunk,3
2023,dystopia,10
2023,military,4
2023,robots,14
2023,space_opera,9
2023,time_travel,12
2024,aliens,12
2024,alternate_history,4
2024,alternate_universe,3
2024,apocalyptic,8
2024,cyberpunk,1
2024,dystopia,6
2024,military,2
2024,robots,10
2024,space_opera,7
2024,steampunk,1
2024,time_travel,10
2025,aliens,9
2025,apocalyptic,7
2025,dystopia,7
2025,military,2
2025,robots,11
2025,space_opera,5
2025,time_travel,6
