Title,Year_released,media_type,theme
Destination Moon,1950,film,space_opera
Rocketship X-M,1950,film,space_opera
The Day the Earth Stood Still,1951,film,military
The Day the Earth Stood Still,1951,film,space_opera
The Thing from Another World,1951,film,aliens
When Worlds Collide,1951,film,space_opera
The Man from Planet X,1951,film,aliens
"Water, Water Every Hare",1952,film,robots
The War of the Worlds,1953,film,aliens
The War of the Worlds,1953,film,dystopia
Invaders from Mars,1953,film,aliens
Invaders from Mars,1953,film,space_opera
It Came from Outer Space,1953,film,aliens
It Came from Outer Space,1953,film,space_opera
Duck Dodgers in the 24½th Century,1953,film,space_opera
Cat-Women of the Moon,1953,film,space_opera
Robot Monster,1953,film,robots
"20,000 Leagues Under the Sea",1954,film,steampunk
The Quatermass Xperiment,1955,film,aliens
This Island Earth,1955,film,aliens
This Island Earth,1955,film,space_opera
Day the World Ended,1955,film,apocalyptic
Forbidden Planet,1956,film,robots
Forbidden Planet,1956,film,space_opera
Invasion of the Body Snatchers,1956,film,aliens
1984,1956,film,dystopia
Earth vs. the Flying Saucers,1956,film,aliens
It Conquered the World,1956,film,aliens
World Without End,1956,film,apocalyptic
World Without End,1956,film,time_travel
Plan 9 from Outer Space,1957,film,aliens
Plan 9 from Outer Space,1957,film,apocalyptic
20 Million Miles to Earth,1957,film,military
20 Million Miles to Earth,1957,film,space_opera
The Mysterians,1957,film,aliens
The Mysterians,1957,film,space_opera
Quatermass 2,1957,film,aliens
The Giant Claw,1957,film,space_opera
Not of This Earth,1957,film,aliens
It! The Terror from Beyond Space,1958,film,aliens
It! The Terror from Beyond Space,1958,film,space_opera
Attack of the 50 Foot Woman,1958,film,aliens
The Crawling Eye,1958,film,aliens
I Married a Monster from Outer Space,1958,film,aliens
I Married a Monster from Outer Space,1958,film,space_opera
Night of the Blood Beast,1958,film,aliens
Night of the Blood Beast,1958,film,space_opera
On the Beach,1959,film,apocalyptic
On the Beach,1959,film,dystopia
Battle in Outer Space,1959,film,aliens
Battle in Outer Space,1959,film,military
Battle in Outer Space,1959,film,space_opera
"The World, the Flesh and the Devil",1959,film,apocalyptic
The Angry Red Planet,1959,film,aliens
The Angry Red Planet,1959,film,space_opera
First Man into Space,1959,film,space_opera
The Time Machine,1960,film,dystopia
The Time Machine,1960,film,steampunk
The Time Machine,1960,film,time_travel
Village of the Damned,1960,film,military
The Silent Star,1960,film,aliens
The Silent Star,1960,film,space_opera
The Phantom Planet,1961,film,aliens
The Phantom Planet,1961,film,space_opera
La Jetée,1962,film,apocalyptic
La Jetée,1962,film,time_travel
Panic in Year Zero!,1962,film,apocalyptic
Panic in Year Zero!,1962,film,dystopia
Journey to the Seventh Planet,1962,film,aliens
Journey to the Seventh Planet,1962,film,space_opera
The Day of the Triffids,1963,film,aliens
Ikarie XB 1,1963,film,aliens
Ikarie XB 1,1963,film,robots
Ikarie XB 1,1963,film,space_opera
"Ghidorah, the Three-Headed Monster",1964,film,aliens
The Last Man on Earth,1964,film,apocalyptic
First Men in the Moon,1964,film,aliens
First Men in the Moon,1964,film,space_opera
The Time Travelers,1964,film,time_travel
The Earth Dies Screaming,1964,film,aliens
The Earth Dies Screaming,1964,film,apocalyptic
The Earth Dies Screaming,1964,film,robots
The Creeping Terror,1964,film,aliens
Santa Claus Conquers the Martians,1964,film,robots
Santa Claus Conquers the Martians,1964,film,space_opera
Invasion of Astro-Monster,1965,film,aliens
Alphaville,1965,film,dystopia
Dr. Who and the Daleks,1965,film,time_travel
The Satan Bug,1965,film,apocalyptic
Planet of the Vampires,1965,film,apocalyptic
Planet of the Vampires,1965,film,space_opera
Dr. Goldfoot and the Bikini Machine,1965,film,robots
Dr. Goldfoot and the Girl Bombs,1966,film,robots
Fahrenheit 451,1966,film,dystopia
Fantastic Voyage,1966,film,military
Daleks' Invasion Earth: 2150 A.D.,1966,film,aliens
Daleks' Invasion Earth: 2150 A.D.,1966,film,time_travel
Quatermass and the Pit,1967,film,space_opera
Night of the Big Heat,1967,film,aliens
Electronic Labyrinth: THX 1138 4EB,1967,film,dystopia
2001: A Space Odyssey,1968,film,robots
2001: A Space Odyssey,1968,film,space_opera
Planet of the Apes,1968,film,dystopia
Planet of the Apes,1968,film,space_opera
Planet of the Apes,1968,film,time_travel
Night of the Living Dead,1968,film,apocalyptic
Destroy All Monsters,1968,film,aliens
The Green Slime,1968,film,aliens
The Green Slime,1968,film,space_opera
Gamera vs. Viras,1968,film,aliens
"Je T'Aime, Je T'Aime",1968,film,time_travel
"Goké, Body Snatcher from Hell",1968,film,aliens
Voyage to the Planet of Prehistoric Women,1968,film,robots
Voyage to the Planet of Prehistoric Women,1968,film,space_opera
Doppelgänger,1969,film,space_opera
The Illustrated Man,1969,film,space_opera
The Bed Sitting Room,1969,film,apocalyptic
The Bed Sitting Room,1969,film,dystopia
Gamera vs. Guiron,1969,film,aliens
Gamera vs. Guiron,1969,film,space_opera
Beneath the Planet of the Apes,1970,film,dystopia
Colossus: The Forbin Project,1970,film,robots
Space Amoeba,1970,film,space_opera
A Clockwork Orange,1971,film,dystopia
The Andromeda Strain,1971,film,aliens
The Andromeda Strain,1971,film,apocalyptic
Escape from the Planet of the Apes,1971,film,dystopia
Escape from the Planet of the Apes,1971,film,space_opera
Escape from the Planet of the Apes,1971,film,time_travel
THX 1138,1971,film,dystopia
The Omega Man,1971,film,apocalyptic
The Omega Man,1971,film,dystopia
Godzilla vs. Hedorah,1971,film,aliens
Gamera vs. Zigra,1971,film,aliens
Gamera vs. Zigra,1971,film,space_opera
Solaris,1972,film,space_opera
Conquest of the Planet of the Apes,1972,film,dystopia
Silent Running,1972,film,dystopia
Silent Running,1972,film,robots
Silent Running,1972,film,space_opera
Slaughterhouse-Five,1972,film,time_travel
Godzilla vs. Gigan,1972,film,aliens
Z.P.G.,1972,film,dystopia
Z.P.G.,1972,film,robots
Beware! The Blob,1972,film,aliens
Soylent Green,1973,film,dystopia
Westworld,1973,film,robots
Battle for the Planet of the Apes,1973,film,apocalyptic
Battle for the Planet of the Apes,1973,film,dystopia
The Crazies,1973,film,apocalyptic
Sleeper,1973,film,dystopia
Sleeper,1973,film,robots
Fantastic Planet,1973,film,aliens
Fantastic Planet,1973,film,dystopia
Fantastic Planet,1973,film,space_opera
Godzilla vs. Megalon,1973,film,aliens
Godzilla vs. Megalon,1973,film,robots
Invasion of the Bee Girls,1973,film,aliens
Tales That Witness Madness,1973,film,time_travel
The Six Million Dollar Man,1973,film,robots
Zardoz,1974,film,dystopia
Dark Star,1974,film,robots
Dark Star,1974,film,space_opera
Flesh Gordon,1974,film,space_opera
Godzilla vs. Mechagodzilla,1974,film,aliens
Godzilla vs. Mechagodzilla,1974,film,robots
The Living Dead at Manchester Morgue,1974,film,apocalyptic
Death Race 2000,1975,film,dystopia
Terror of Mechagodzilla,1975,film,aliens
The Stepford Wives,1975,film,robots
Shivers,1975,film,apocalyptic
Rollerball,1975,film,dystopia
A Boy and His Dog,1975,film,apocalyptic
A Boy and His Dog,1975,film,dystopia
The Super Inframan,1975,film,robots
The Ultimate Warrior,1975,film,apocalyptic
The Ultimate Warrior,1975,film,dystopia
Logan's Run,1976,film,apocalyptic
Logan's Run,1976,film,dystopia
Logan's Run,1976,film,robots
Futureworld,1976,film,robots
The Man Who Fell to Earth,1976,film,aliens
The Man Who Fell to Earth,1976,film,dystopia
Star Wars,1977,film,robots
Star Wars,1977,film,space_opera
Close Encounters of the Third Kind,1977,film,aliens
Eraserhead,1977,film,alternate_universe
Capricorn One,1977,film,space_opera
Demon Seed,1977,film,robots
Damnation Alley,1977,film,apocalyptic
Wizards,1977,film,apocalyptic
Wizards,1977,film,robots
Shock Waves,1977,film,apocalyptic
Tomorrow I'll Wake Up and Scald Myself with Tea,1977,film,time_travel
Dawn of the Dead,1978,film,apocalyptic
Invasion of the Body Snatchers,1978,film,aliens
The Swarm,1978,film,military
The Star Wars Holiday Special,1978,film,space_opera
Battlestar Galactica,1978,film,space_opera
The Cat from Outer Space,1978,film,aliens
Warlords of Atlantis,1978,film,aliens
Starcrash,1978,film,space_opera
KISS Meets the Phantom of the Park,1978,film,robots
Sgt. Pepper's Lonely Hearts Club Band,1978,film,robots
Laserblast,1978,film,aliens
Laserblast,1978,film,space_opera
Alien,1979,film,aliens
Alien,1979,film,dystopia
Alien,1979,film,robots
Alien,1979,film,space_opera
Stalker,1979,film,aliens
Mad Max,1979,film,apocalyptic
Mad Max,1979,film,dystopia
Star Trek: The Motion Picture,1979,film,robots
Star Trek: The Motion Picture,1979,film,space_opera
Moonraker,1979,film,space_opera
The Black Hole,1979,film,apocalyptic
The Black Hole,1979,film,robots
The Black Hole,1979,film,space_opera
The Gendarme and the Creatures from Outer Space,1979,film,aliens
The Gendarme and the Creatures from Outer Space,1979,film,robots
Time After Time,1979,film,time_travel
The Sheriff and the Satellite Kid,1979,film,aliens
Dead Mountaineer's Hotel,1979,film,robots
Buck Rogers in the 25th Century,1979,film,robots
Buck Rogers in the 25th Century,1979,film,space_opera
Buck Rogers in the 25th Century,1979,film,time_travel
The Visitor,1979,film,aliens
Mission Galactica: The Cylon Attack,1979,film,aliens
Mission Galactica: The Cylon Attack,1979,film,space_opera
Galaxy Express 999: The Movie,1979,film,robots
Galaxy Express 999: The Movie,1979,film,space_opera
Quintet,1979,film,apocalyptic
Quintet,1979,film,dystopia
The Empire Strikes Back,1980,film,robots
The Empire Strikes Back,1980,film,space_opera
Flash Gordon,1980,film,space_opera
The Final Countdown,1980,film,time_travel
Saturn 3,1980,film,robots
Saturn 3,1980,film,space_opera
Alien 2: On Earth,1980,film,aliens
Alien 2: On Earth,1980,film,space_opera
Battle Beyond the Stars,1980,film,robots
Battle Beyond the Stars,1980,film,space_opera
Doraemon: Nobita's Dinosaur,1980,film,time_travel
The Adventures of the Electronic,1980,film,robots
Nightmare City,1980,film,apocalyptic
Without Warning,1980,film,aliens
Contamination,1980,film,aliens
The Return,1980,film,aliens
Hangar 18,1980,film,aliens
Night of the Zombies,1980,film,apocalyptic
Gamera Super Monster,1980,film,aliens
Death Watch,1980,film,dystopia
The Children,1980,film,apocalyptic
Galaxina,1980,film,aliens
Galaxina,1980,film,robots
Galaxina,1980,film,space_opera
Mad Max 2,1981,film,apocalyptic
Mad Max 2,1981,film,dystopia
Escape from New York,1981,film,apocalyptic
Escape from New York,1981,film,cyberpunk
Escape from New York,1981,film,dystopia
Time Bandits,1981,film,steampunk
Time Bandits,1981,film,time_travel
Galaxy of Terror,1981,film,aliens
Galaxy of Terror,1981,film,space_opera
Mobile Suit Gundam I,1981,film,military
The Cabbage Soup,1981,film,aliens
Inseminoid,1981,film,aliens
The Secret of the Third Planet,1981,film,aliens
Blade Runner,1982,film,cyberpunk
Blade Runner,1982,film,dystopia
Blade Runner,1982,film,robots
The Thing,1982,film,aliens
The Thing,1982,film,space_opera
E.T. the Extra-Terrestrial,1982,film,aliens
Tron,1982,film,dystopia
Star Trek II: The Wrath of Khan,1982,film,space_opera
Turkey Shoot,1982,film,dystopia
Forbidden World,1982,film,space_opera
Time Masters,1982,film,space_opera
Time Masters,1982,film,time_travel
Parasite,1982,film,dystopia
Nightbeast,1982,film,aliens
Space Adventure Cobra,1982,film,space_opera
Xtro,1982,film,aliens
Liquid Sky,1982,film,aliens
The Man Who Saved the World,1982,film,space_opera
Android,1982,film,robots
Android,1982,film,space_opera
Timerider: The Adventure of Lyle Swann,1982,film,time_travel
Return of the Jedi,1983,film,space_opera
Videodrome,1983,film,cyberpunk
Videodrome,1983,film,dystopia
WarGames,1983,film,robots
The Day After,1983,film,apocalyptic
Testament,1983,film,dystopia
Endgame,1983,film,apocalyptic
The Last Battle,1983,film,dystopia
Space Raiders,1983,film,space_opera
The New Barbarians,1983,film,apocalyptic
2019: After the Fall of New York,1983,film,apocalyptic
2019: After the Fall of New York,1983,film,dystopia
2019: After the Fall of New York,1983,film,robots
Prisoners of the Lost Universe,1983,film,alternate_universe
The Deadly Spawn,1983,film,aliens
Escape from the Bronx,1983,film,apocalyptic
The Terminator,1984,film,dystopia
The Terminator,1984,film,military
The Terminator,1984,film,robots
The Terminator,1984,film,time_travel
Dune,1984,film,dystopia
Dune,1984,film,military
Dune,1984,film,space_opera
Dune,1984,film,steampunk
Star Trek III: The Search for Spock,1984,film,space_opera
Nineteen Eighty-Four,1984,film,dystopia
2010,1984,film,space_opera
Sexmission,1984,film,apocalyptic
Sexmission,1984,film,dystopia
The Last Starfighter,1984,film,aliens
The Last Starfighter,1984,film,robots
Starman,1984,film,aliens
Repo Man,1984,film,aliens
The Adventures of Buckaroo Banzai Across the 8th Dimension,1984,film,aliens
The Adventures of Buckaroo Banzai Across the 8th Dimension,1984,film,military
The Adventures of Buckaroo Banzai Across the 8th Dimension,1984,film,time_travel
C.H.U.D.,1984,film,apocalyptic
Electric Dreams,1984,film,robots
The Philadelphia Experiment,1984,film,time_travel
Macross: Do You Remember Love?,1984,film,military
The Ewok Adventure,1984,film,space_opera
Trancers,1984,film,apocalyptic
Trancers,1984,film,time_travel
Runaway,1984,film,robots
Night of the Comet,1984,film,apocalyptic
The Brother from Another Planet,1984,film,aliens
The Ice Pirates,1984,film,military
Rats: Night of Terror,1984,film,apocalyptic
Warriors of the Year 2072,1984,film,dystopia
Night Shadows,1984,film,apocalyptic
Urusei Yatsura: Beautiful Dreamer,1984,film,aliens
Back to the Future,1985,film,time_travel
Brazil,1985,film,dystopia
Brazil,1985,film,steampunk
Lifeforce,1985,film,aliens
Mad Max Beyond Thunderdome,1985,film,apocalyptic
Mad Max Beyond Thunderdome,1985,film,dystopia
The Return of the Living Dead,1985,film,apocalyptic
Enemy Mine,1985,film,aliens
Enemy Mine,1985,film,space_opera
Re-Animator,1985,film,apocalyptic
Cocoon,1985,film,aliens
Angel's Egg,1985,film,dystopia
D.A.R.Y.L.,1985,film,robots
The Stuff,1985,film,apocalyptic
Explorers,1985,film,aliens
Explorers,1985,film,space_opera
The Quiet Earth,1985,film,apocalyptic
Making Contact,1985,film,robots
Warning Sign,1985,film,apocalyptic
Creature,1985,film,aliens
DEFCON-4,1985,film,apocalyptic
DEFCON-4,1985,film,dystopia
My Science Project,1985,film,time_travel
"O-Bi, O-Ba: The End of Civilization",1985,film,apocalyptic
Max Headroom: 20 Minutes into the Future,1985,film,cyberpunk
Zone Troopers,1985,film,aliens
Zone Troopers,1985,film,space_opera
Aliens,1986,film,aliens
Aliens,1986,film,robots
Aliens,1986,film,space_opera
Star Trek IV: The Voyage Home,1986,film,space_opera
Star Trek IV: The Voyage Home,1986,film,time_travel
Short Circuit,1986,film,military
Short Circuit,1986,film,robots
The Transformers: The Movie,1986,film,robots
Flight of the Navigator,1986,film,aliens
Flight of the Navigator,1986,film,robots
Flight of the Navigator,1986,film,time_travel
Critters,1986,film,aliens
Critters,1986,film,space_opera
Dragon Ball: Curse of the Blood Rubies,1986,film,aliens
From Beyond,1986,film,alternate_universe
Night of the Creeps,1986,film,aliens
Night of the Creeps,1986,film,apocalyptic
Night of the Creeps,1986,film,space_opera
Chopping Mall,1986,film,cyberpunk
Chopping Mall,1986,film,robots
Invaders from Mars,1986,film,aliens
Deadly Friend,1986,film,robots
TerrorVision,1986,film,aliens
Momo,1986,film,time_travel
SpaceCamp,1986,film,space_opera
Kin-dza-dza!,1986,film,apocalyptic
Kin-dza-dza!,1986,film,space_opera
Breeders,1986,film,aliens
Fist of the North Star,1986,film,apocalyptic
Biggles,1986,film,time_travel
Hands of Steel,1986,film,apocalyptic
Hands of Steel,1986,film,robots
Eliminators,1986,film,robots
Eliminators,1986,film,time_travel
Solarbabies,1986,film,apocalyptic
Solarbabies,1986,film,dystopia
Dead Man's Letters,1986,film,apocalyptic
Dead End Drive-In,1986,film,dystopia
Predator,1987,film,aliens
Masters of the Universe,1987,film,time_travel
Spaceballs,1987,film,robots
Spaceballs,1987,film,space_opera
RoboCop,1987,film,cyberpunk
RoboCop,1987,film,dystopia
RoboCop,1987,film,robots
The Running Man,1987,film,dystopia
The Hidden,1987,film,aliens
*batteries not included,1987,film,aliens
*batteries not included,1987,film,space_opera
Gandahar,1987,film,robots
Cherry 2000,1987,film,apocalyptic
Cherry 2000,1987,film,dystopia
Cherry 2000,1987,film,robots
Royal Space Force - The Wings of Honneamise,1987,film,alternate_universe
Royal Space Force - The Wings of Honneamise,1987,film,space_opera
The Jetsons Meet the Flintstones,1987,film,robots
The Jetsons Meet the Flintstones,1987,film,space_opera
The Jetsons Meet the Flintstones,1987,film,time_travel
Slave Girls from Beyond Infinity,1987,film,space_opera
Steel Dawn,1987,film,apocalyptic
The Return of the Six-Million-Dollar Man and the Bionic Woman,1987,film,robots
Creepozoids,1987,film,aliens
Creepozoids,1987,film,apocalyptic
Black Magic M-66,1987,film,robots
The Adventure of Denchu-Kozo,1987,film,time_travel
Akira,1988,film,cyberpunk
Akira,1988,film,dystopia
They Live,1988,film,aliens
They Live,1988,film,dystopia
The Blob,1988,film,aliens
The Blob,1988,film,military
My Stepmother Is an Alien,1988,film,aliens
Earth Girls Are Easy,1988,film,aliens
Earth Girls Are Easy,1988,film,space_opera
Critters 2,1988,film,aliens
Critters 2,1988,film,space_opera
Mobile Suit Gundam: Char's Counterattack,1988,film,space_opera
Short Circuit 2,1988,film,robots
Dead Heat,1988,film,apocalyptic
Alien Nation,1988,film,aliens
Appleseed,1988,film,cyberpunk
Not of This Earth,1988,film,aliens
The Brain,1988,film,aliens
Hell Comes to Frogtown,1988,film,apocalyptic
Robowar,1988,film,robots
Zombie Flesh Eaters 2,1988,film,apocalyptic
Zombie Flesh Eaters 2,1988,film,military
Space Mutiny,1988,film,space_opera
The Abyss,1989,film,aliens
Back to the Future Part II,1989,film,alternate_history
Back to the Future Part II,1989,film,time_travel
Star Trek V: The Final Frontier,1989,film,space_opera
Bill & Ted's Excellent Adventure,1989,film,time_travel
Cyborg,1989,film,apocalyptic
Cyborg,1989,film,cyberpunk
Cyborg,1989,film,robots
Tetsuo: The Iron Man,1989,film,cyberpunk
Tetsuo: The Iron Man,1989,film,dystopia
On the Silver Globe,1989,film,space_opera
Neo Tokyo,1989,film,robots
Millennium,1989,film,aliens
Millennium,1989,film,robots
Millennium,1989,film,time_travel
The Blood of Heroes,1989,film,apocalyptic
The Blood of Heroes,1989,film,dystopia
Arena,1989,film,aliens
Arena,1989,film,space_opera
Patlabor: The Movie,1989,film,robots
Communion,1989,film,aliens
C.H.U.D. II: Bud the Chud,1989,film,apocalyptic
A Visitor to a Museum,1989,film,apocalyptic
The Terror Within,1989,film,apocalyptic
Shocking Dark,1989,film,robots
Shocking Dark,1989,film,time_travel
UFO Abduction,1989,film,aliens
Predator 2,1990,film,aliens
Total Recall,1990,film,cyberpunk
Total Recall,1990,film,dystopia
Total Recall,1990,film,space_opera
Back to the Future Part III,1990,film,steampunk
Back to the Future Part III,1990,film,time_travel
RoboCop 2,1990,film,cyberpunk
RoboCop 2,1990,film,robots
Dark Angel,1990,film,aliens
Dragon Ball Z: Bardock - The Father of Goku,1990,film,aliens
Hardware,1990,film,apocalyptic
Hardware,1990,film,cyberpunk
Hardware,1990,film,dystopia
Hardware,1990,film,robots
A Grand Day Out,1990,film,robots
The Handmaid's Tale,1990,film,dystopia
Frankenstein Unbound,1990,film,time_travel
Class of 1999,1990,film,cyberpunk
Class of 1999,1990,film,dystopia
Class of 1999,1990,film,robots
Xtro 2: The Second Encounter,1990,film,aliens
Robot Jox,1990,film,apocalyptic
Robot Jox,1990,film,robots
Spaced Invaders,1990,film,aliens
A Wind Named Amnesia,1990,film,apocalyptic
Alienator,1990,film,robots
Alienator,1990,film,space_opera
The Dark Side of the Moon,1990,film,robots
The Dark Side of the Moon,1990,film,space_opera
Moon 44,1990,film,robots
"Abraxas, Guardian of the Universe",1990,film,aliens
Terminator 2: Judgment Day,1991,film,apocalyptic
Terminator 2: Judgment Day,1991,film,dystopia
Terminator 2: Judgment Day,1991,film,robots
Terminator 2: Judgment Day,1991,film,time_travel
Star Trek VI: The Undiscovered Country,1991,film,space_opera
Dragon Ball Z: Lord Slug,1991,film,aliens
The Rocketeer,1991,film,steampunk
Bill & Ted's Bogus Journey,1991,film,robots
Bill & Ted's Bogus Journey,1991,film,time_travel
Dragon Ball Z: Cooler's Revenge,1991,film,aliens
Critters 3,1991,film,aliens
Delicatessen,1991,film,apocalyptic
Delicatessen,1991,film,dystopia
Godzilla vs. King Ghidorah,1991,film,robots
Godzilla vs. King Ghidorah,1991,film,time_travel
Mannequin Two: On the Move,1991,film,time_travel
964 Pinocchio,1991,film,cyberpunk
964 Pinocchio,1991,film,robots
Trancers II,1991,film,time_travel
Roujin Z,1991,film,cyberpunk
The Borrower,1991,film,aliens
Dead Space,1991,film,apocalyptic
Knight Rider 2000,1991,film,robots
Beastmaster 2: Through the Portal of Time,1991,film,time_travel
Dollman,1991,film,space_opera
"Silent Night, Deadly Night 5: The Toy Maker",1991,film,robots
There's Nothing Out There,1991,film,aliens
Alien³,1992,film,aliens
Alien³,1992,film,dystopia
Alien³,1992,film,robots
Alien³,1992,film,space_opera
Dragon Ball Z: The Return of Cooler,1992,film,aliens
Dragon Ball Z: The Return of Cooler,1992,film,robots
Dragon Ball Z: The Return of Cooler,1992,film,space_opera
Fortress,1992,film,dystopia
Fortress,1992,film,robots
The Lawnmower Man,1992,film,cyberpunk
Nemesis,1992,film,cyberpunk
Nemesis,1992,film,robots
Freejack,1992,film,apocalyptic
Freejack,1992,film,cyberpunk
Freejack,1992,film,dystopia
Freejack,1992,film,time_travel
Split Second,1992,film,cyberpunk
Split Second,1992,film,dystopia
Doctor Mordrid,1992,film,time_travel
Trancers III,1992,film,time_travel
Critters 4,1992,film,aliens
Critters 4,1992,film,space_opera
Tetsuo II: Body Hammer,1992,film,cyberpunk
Mindwarp,1992,film,apocalyptic
Demolition Man,1993,film,cyberpunk
Demolition Man,1993,film,dystopia
RoboCop 3,1993,film,cyberpunk
RoboCop 3,1993,film,dystopia
RoboCop 3,1993,film,robots
Dragon Ball Z: Broly - The Legendary Super Saiyan,1993,film,space_opera
Dragon Ball Z: The History of Trunks,1993,film,dystopia
Dragon Ball Z: The History of Trunks,1993,film,robots
Dragon Ball Z: The History of Trunks,1993,film,time_travel
Coneheads,1993,film,aliens
Teenage Mutant Ninja Turtles III,1993,film,time_travel
Fire in the Sky,1993,film,aliens
Dragon Ball Z: Bojack Unbound,1993,film,aliens
Body Snatchers,1993,film,aliens
Godzilla vs. Mechagodzilla II,1993,film,robots
Cyborg 2,1993,film,apocalyptic
Cyborg 2,1993,film,cyberpunk
Cyborg 2,1993,film,dystopia
Cyborg 2,1993,film,robots
Future Cops,1993,film,time_travel
Battle Angel,1993,film,cyberpunk
Battle Angel,1993,film,dystopia
Battle Angel,1993,film,robots
12:01,1993,film,time_travel
Philadelphia Experiment II,1993,film,time_travel
American Cyborg: Steel Warrior,1993,film,apocalyptic
American Cyborg: Steel Warrior,1993,film,robots
Babylon 5: The Gathering,1993,film,aliens
Gayniggers from Outer Space,1993,film,aliens
Gayniggers from Outer Space,1993,film,space_opera
Stargate,1994,film,space_opera
Star Trek: Generations,1994,film,robots
Star Trek: Generations,1994,film,space_opera
Timecop,1994,film,time_travel
No Escape,1994,film,dystopia
Godzilla vs. SpaceGodzilla,1994,film,robots
The Puppet Masters,1994,film,aliens
The Puppet Masters,1994,film,space_opera
Double Dragon,1994,film,apocalyptic
Phantasm III: Lord of the Dead,1994,film,apocalyptic
Attack of the 50 Ft. Woman,1994,film,aliens
Class of 1999 II: The Substitute,1994,film,cyberpunk
Class of 1999 II: The Substitute,1994,film,dystopia
Class of 1999 II: The Substitute,1994,film,robots
Trancers 4: Jack of Swords,1994,film,time_travel
Twelve Monkeys,1995,film,alternate_history
Twelve Monkeys,1995,film,apocalyptic
Twelve Monkeys,1995,film,cyberpunk
Twelve Monkeys,1995,film,dystopia
Twelve Monkeys,1995,film,time_travel
Ghost in the Shell,1995,film,cyberpunk
Ghost in the Shell,1995,film,dystopia
Ghost in the Shell,1995,film,robots
Judge Dredd,1995,film,apocalyptic
Judge Dredd,1995,film,cyberpunk
Judge Dredd,1995,film,dystopia
Species,1995,film,aliens
Strange Days,1995,film,cyberpunk
Strange Days,1995,film,dystopia
Johnny Mnemonic,1995,film,cyberpunk
Johnny Mnemonic,1995,film,dystopia
Tank Girl,1995,film,dystopia
Memories,1995,film,space_opera
The City of Lost Children,1995,film,dystopia
The City of Lost Children,1995,film,steampunk
Village of the Damned,1995,film,aliens
Virtuosity,1995,film,cyberpunk
Virtuosity,1995,film,robots
Fist of the North Star,1995,film,apocalyptic
Theodore Rex,1995,film,robots
Harrison Bergeron,1995,film,dystopia
Nemesis 2: Nebula,1995,film,apocalyptic
Nemesis 2: Nebula,1995,film,cyberpunk
Nemesis 2: Nebula,1995,film,robots
Independence Day,1996,film,aliens
Independence Day,1996,film,space_opera
Mars Attacks!,1996,film,aliens
Space Jam,1996,film,aliens
Star Trek: First Contact,1996,film,robots
Star Trek: First Contact,1996,film,space_opera
Star Trek: First Contact,1996,film,time_travel
Escape from L.A.,1996,film,apocalyptic
Escape from L.A.,1996,film,dystopia
The Arrival,1996,film,aliens
Barb Wire,1996,film,dystopia
Doctor Who,1996,film,space_opera
Doctor Who,1996,film,time_travel
Lawnmower Man 2: Beyond Cyberspace,1996,film,cyberpunk
Space Truckers,1996,film,military
Hellraiser: Bloodline,1996,film,robots
Project: ALF,1996,film,aliens
Armitage III: Poly Matrix,1996,film,cyberpunk
Armitage III: Poly Matrix,1996,film,robots
Solo,1996,film,robots
Sonic the Hedgehog: The Movie,1996,film,robots
Gamera 2: Attack of Legion,1996,film,aliens
Adrenalin: Fear the Rush,1996,film,apocalyptic
Omega Doom,1996,film,apocalyptic
Omega Doom,1996,film,robots
Vampirella,1996,film,aliens
Mystery Science Theater 3000: The Movie,1996,film,robots
A Walk in Time,1996,film,time_travel
The Fifth Element,1997,film,aliens
The Fifth Element,1997,film,cyberpunk
The Fifth Element,1997,film,dystopia
The Fifth Element,1997,film,military
The Fifth Element,1997,film,robots
The Fifth Element,1997,film,space_opera
Men in Black,1997,film,aliens
Alien Resurrection,1997,film,aliens
Alien Resurrection,1997,film,dystopia
Alien Resurrection,1997,film,robots
Neon Genesis Evangelion: The End of Evangelion,1997,film,apocalyptic
Event Horizon,1997,film,space_opera
Starship Troopers,1997,film,aliens
Starship Troopers,1997,film,dystopia
Starship Troopers,1997,film,military
Starship Troopers,1997,film,space_opera
Gattaca,1997,film,dystopia
Gattaca,1997,film,space_opera
Mimic,1997,film,apocalyptic
Nowhere,1997,film,aliens
Steel,1997,film,military
Leprechaun 4: In Space,1997,film,space_opera
Drive,1997,film,robots
Nirvana,1997,film,cyberpunk
Nirvana,1997,film,dystopia
DNA,1997,film,aliens
Full Metal Yakuza,1997,film,robots
Armageddon,1998,film,space_opera
Dark City,1998,film,alternate_universe
Dark City,1998,film,cyberpunk
Dark City,1998,film,dystopia
The Faculty,1998,film,aliens
Star Trek: Insurrection,1998,film,aliens
Star Trek: Insurrection,1998,film,space_opera
Godzilla,1998,film,military
Sphere,1998,film,aliens
Sphere,1998,film,time_travel
Lost in Space,1998,film,robots
Lost in Space,1998,film,time_travel
Species II,1998,film,apocalyptic
Soldier,1998,film,dystopia
Soldier,1998,film,military
Soldier,1998,film,space_opera
Doraemon: Nobita's Great Adventure in the South Seas,1998,film,time_travel
Phantoms,1998,film,military
Spriggan,1998,film,military
Alien Abduction: Incident in Lake County,1998,film,aliens
Alien Abduction: Incident in Lake County,1998,film,space_opera
Universal Soldier III: Unfinished Business,1998,film,robots
The Second Arrival,1998,film,aliens
Babylon 5: The River of Souls,1998,film,aliens
I Married a Strange Person!,1998,film,military
More,1998,film,dystopia
The Matrix,1999,film,cyberpunk
The Matrix,1999,film,dystopia
The Matrix,1999,film,robots
Star Wars: Episode I - The Phantom Menace,1999,film,space_opera
Galaxy Quest,1999,film,aliens
Galaxy Quest,1999,film,space_opera
Galaxy Quest,1999,film,time_travel
The Iron Giant,1999,film,aliens
The Iron Giant,1999,film,robots
Bicentennial Man,1999,film,robots
Wild Wild West,1999,film,steampunk
The Thirteenth Floor,1999,film,alternate_universe
The Thirteenth Floor,1999,film,dystopia
The Thirteenth Floor,1999,film,robots
eXistenZ,1999,film,dystopia
Jin-Roh: The Wolf Brigade,1999,film,alternate_history
Jin-Roh: The Wolf Brigade,1999,film,dystopia
My Favorite Martian,1999,film,aliens
Virus,1999,film,aliens
Virus,1999,film,apocalyptic
The Astronaut's Wife,1999,film,aliens
The Astronaut's Wife,1999,film,space_opera
Muppets from Space,1999,film,aliens
Godzilla 2000: Millennium,1999,film,aliens
Batman Beyond: The Movie,1999,film,cyberpunk
Zenon: Girl of the 21st Century,1999,film,space_opera
Smart House,1999,film,robots
Wild Zero,1999,film,aliens
Wild Zero,1999,film,apocalyptic
Wing Commander,1999,film,space_opera
New Rose Hotel,1999,film,cyberpunk
Dexter's Laboratory: Ego Trip,1999,film,robots
Blackadder: Back & Forth,1999,film,time_travel
Doctor Who: The Curse of Fatal Death,1999,film,aliens
Doctor Who: The Curse of Fatal Death,1999,film,time_travel
The Time Shifters,1999,film,time_travel
Babylon 5: A Call to Arms,1999,film,aliens
Babylon 5: A Call to Arms,1999,film,military
Babylon 5: A Call to Arms,1999,film,space_opera
The Hole,1999,film,apocalyptic
Peut-être,1999,film,time_travel
The 6th Day,2000,film,cyberpunk
The 6th Day,2000,film,dystopia
Titan A.E.,2000,film,aliens
Titan A.E.,2000,film,dystopia
Titan A.E.,2000,film,space_opera
Red Planet,2000,film,robots
Red Planet,2000,film,space_opera
Frequency,2000,film,time_travel
Pitch Black,2000,film,aliens
Pitch Black,2000,film,dystopia
Mission to Mars,2000,film,aliens
Mission to Mars,2000,film,space_opera
Batman Beyond: Return of the Joker,2000,film,cyberpunk
Batman Beyond: Return of the Joker,2000,film,dystopia
Battlefield Earth,2000,film,aliens
Battlefield Earth,2000,film,apocalyptic
Battlefield Earth,2000,film,dystopia
Heavy Metal 2000,2000,film,space_opera
Buzz Lightyear of Star Command: The Adventure Begins,2000,film,space_opera
Scooby-Doo and the Alien Invaders,2000,film,aliens
Doraemon: Nobita and the Legend of the Sun King,2000,film,time_travel
2001: A Space Travesty,2000,film,aliens
Fortress 2,2000,film,dystopia
Fortress 2,2000,film,space_opera
What Planet Are You From?,2000,film,aliens
On the Beach,2000,film,dystopia
Python,2000,film,military
Happy Accidents,2000,film,time_travel
Stepsister from Planet Weird,2000,film,aliens
Into Pitch Black,2000,film,aliens
A.I. Artificial Intelligence,2001,film,aliens
A.I. Artificial Intelligence,2001,film,dystopia
A.I. Artificial Intelligence,2001,film,robots
Spy Kids,2001,film,robots
The One,2001,film,alternate_universe
The One,2001,film,time_travel
Evolution,2001,film,aliens
Planet of the Apes,2001,film,dystopia
Planet of the Apes,2001,film,space_opera
Planet of the Apes,2001,film,time_travel
Atlantis: The Lost Empire,2001,film,steampunk
Jason X,2001,film,space_opera
K-PAX,2001,film,aliens
Final Fantasy: The Spirits Within,2001,film,aliens
Final Fantasy: The Spirits Within,2001,film,apocalyptic
Final Fantasy: The Spirits Within,2001,film,dystopia
Final Fantasy: The Spirits Within,2001,film,military
Final Fantasy: The Spirits Within,2001,film,space_opera
Jimmy Neutron: Boy Genius,2001,film,aliens
Jimmy Neutron: Boy Genius,2001,film,robots
Ghosts of Mars,2001,film,apocalyptic
Impostor,2001,film,aliens
Impostor,2001,film,robots
Monkeybone,2001,film,alternate_universe
Pokémon 4Ever,2001,film,time_travel
Just Visiting,2001,film,alternate_history
Just Visiting,2001,film,time_travel
Metropolis,2001,film,robots
Metropolis,2001,film,steampunk
Vidocq,2001,film,steampunk
Arachnid,2001,film,aliens
Arachnid,2001,film,apocalyptic
Avalon,2001,film,cyberpunk
Avalon,2001,film,dystopia
Electric Dragon 80000V,2001,film,cyberpunk
RoboCop: Prime Directives,2001,film,robots
The Lost Skeleton of Cadavra,2001,film,aliens
28 Days Later,2002,film,apocalyptic
Lilo & Stitch,2002,film,aliens
Star Wars: Episode II - Attack of the Clones,2002,film,space_opera
Minority Report,2002,film,cyberpunk
Minority Report,2002,film,dystopia
Treasure Planet,2002,film,aliens
Treasure Planet,2002,film,robots
Treasure Planet,2002,film,space_opera
Treasure Planet,2002,film,steampunk
Men in Black II,2002,film,aliens
Signs,2002,film,aliens
Star Trek: Nemesis,2002,film,robots
Star Trek: Nemesis,2002,film,space_opera
Equilibrium,2002,film,dystopia
The Time Machine,2002,film,steampunk
The Time Machine,2002,film,time_travel
Resident Evil,2002,film,apocalyptic
Resident Evil,2002,film,dystopia
Solaris,2002,film,space_opera
Rollerball,2002,film,dystopia
Cypher,2002,film,dystopia
Thunderpants,2002,film,space_opera
Armitage: Dual Matrix,2002,film,cyberpunk
Armitage: Dual Matrix,2002,film,robots
Returner,2002,film,aliens
Returner,2002,film,time_travel
Patlabor WXIII the Movie,2002,film,robots
Teenage Caveman,2002,film,apocalyptic
Terminal Invasion,2002,film,aliens
The ChubbChubbs!,2002,film,aliens
Dead or Alive: Final,2002,film,apocalyptic
Dead or Alive: Final,2002,film,cyberpunk
Dead or Alive: Final,2002,film,robots
The Matrix Reloaded,2003,film,cyberpunk
The Matrix Reloaded,2003,film,dystopia
The Matrix Reloaded,2003,film,robots
The Matrix Revolutions,2003,film,cyberpunk
The Matrix Revolutions,2003,film,dystopia
The Matrix Revolutions,2003,film,robots
Hulk,2003,film,military
Terminator 3: Rise of the Machines,2003,film,dystopia
Terminator 3: Rise of the Machines,2003,film,robots
Terminator 3: Rise of the Machines,2003,film,time_travel
The League of Extraordinary Gentlemen,2003,film,steampunk
Spy Kids 3-D: Game Over,2003,film,robots
The Animatrix,2003,film,apocalyptic
The Animatrix,2003,film,cyberpunk
The Animatrix,2003,film,dystopia
The Animatrix,2003,film,robots
Paycheck,2003,film,cyberpunk
Timeline,2003,film,time_travel
Atlantis: Milo's Return,2003,film,steampunk
Dreamcatcher,2003,film,aliens
Stitch! The Movie,2003,film,aliens
Code 46,2003,film,dystopia
Koi... Mil Gaya,2003,film,aliens
Good Boy!,2003,film,space_opera
The Big Empty,2003,film,aliens
Interstella 5555: The 5tory of the 5ecret 5tar 5ystem,2003,film,aliens
Interstella 5555: The 5tory of the 5ecret 5tar 5ystem,2003,film,space_opera
Kim Possible: A Sitch in Time,2003,film,dystopia
Kim Possible: A Sitch in Time,2003,film,time_travel
Alien Hunter,2003,film,aliens
Time Changer,2003,film,time_travel
Beyond Re-Animator,2003,film,apocalyptic
Timecop: The Berlin Decision,2003,film,alternate_universe
Timecop: The Berlin Decision,2003,film,time_travel
Undead,2003,film,apocalyptic
Save the Green Planet!,2003,film,aliens
The Second Renaissance Part I,2003,film,robots
The Second Renaissance Part II,2003,film,robots
Natural City,2003,film,dystopia
Natural City,2003,film,robots
"I, Robot",2004,film,dystopia
"I, Robot",2004,film,robots
The Butterfly Effect,2004,film,time_travel
AVP: Alien vs. Predator,2004,film,aliens
Dawn of the Dead,2004,film,apocalyptic
District B13,2004,film,dystopia
Resident Evil: Apocalypse,2004,film,apocalyptic
Resident Evil: Apocalypse,2004,film,dystopia
The Chronicles of Riddick,2004,film,dystopia
The Chronicles of Riddick,2004,film,space_opera
Cube Zero,2004,film,alternate_universe
Primer,2004,film,time_travel
The Stepford Wives,2004,film,robots
Sky Captain and the World of Tomorrow,2004,film,robots
Sky Captain and the World of Tomorrow,2004,film,steampunk
2046,2004,film,robots
Starship Troopers 2: Hero of the Federation,2004,film,aliens
Ghost in the Shell 2: Innocence,2004,film,cyberpunk
Ghost in the Shell 2: Innocence,2004,film,robots
Species III,2004,film,military
Pinocchio 3000,2004,film,robots
Casshern,2004,film,apocalyptic
Casshern,2004,film,dystopia
Steamboy,2004,film,steampunk
(T)Raumschiff Surprise - Periode 1,2004,film,space_opera
(T)Raumschiff Surprise - Periode 1,2004,film,time_travel
Appleseed,2004,film,apocalyptic
Appleseed,2004,film,cyberpunk
Appleseed,2004,film,robots
One Point O,2004,film,cyberpunk
One Point O,2004,film,dystopia
One Point O,2004,film,robots
Retrograde,2004,film,space_opera
Retrograde,2004,film,time_travel
Dead Leaves,2004,film,robots
G.O.R.A.,2004,film,space_opera
Hellevator: The Bottled Fools,2004,film,cyberpunk
Hellevator: The Bottled Fools,2004,film,dystopia
The Chronicles of Riddick: Dark Fury,2004,film,dystopia
Star Wars: Episode III - Revenge of the Sith,2005,film,space_opera
War of the Worlds,2005,film,aliens
War of the Worlds,2005,film,dystopia
Fantastic Four,2005,film,space_opera
The Island,2005,film,dystopia
Robots,2005,film,robots
Robots,2005,film,steampunk
Zathura: A Space Adventure,2005,film,aliens
Zathura: A Space Adventure,2005,film,space_opera
Serenity,2005,film,dystopia
Serenity,2005,film,space_opera
Æon Flux,2005,film,cyberpunk
Æon Flux,2005,film,dystopia
The Hitchhiker's Guide to the Galaxy,2005,film,aliens
The Hitchhiker's Guide to the Galaxy,2005,film,robots
The Hitchhiker's Guide to the Galaxy,2005,film,space_opera
Lilo & Stitch 2: Stitch Has a Glitch,2005,film,aliens
Doom,2005,film,military
The Jacket,2005,film,time_travel
Land of the Dead,2005,film,apocalyptic
Land of the Dead,2005,film,dystopia
Stealth,2005,film,military
Stealth,2005,film,robots
A Sound of Thunder,2005,film,time_travel
H.G. Wells' War of the Worlds,2005,film,aliens
H.G. Wells' War of the Worlds,2005,film,dystopia
Star Wreck: In the Pirkinning,2005,film,alternate_universe
Star Wreck: In the Pirkinning,2005,film,space_opera
Star Wreck: In the Pirkinning,2005,film,time_travel
The Wild Blue Yonder,2005,film,aliens
Summer Time Machine Blues,2005,film,time_travel
Alien Apocalypse,2005,film,aliens
Alive in Joburg,2005,film,aliens
Alive in Joburg,2005,film,space_opera
Pale Cocoon,2005,film,apocalyptic
The Prestige,2006,film,steampunk
V for Vendetta,2006,film,dystopia
Idiocracy,2006,film,dystopia
Children of Men,2006,film,dystopia
Déjà Vu,2006,film,time_travel
Superman Returns,2006,film,aliens
Paprika,2006,film,alternate_universe
Slither,2006,film,aliens
Slither,2006,film,apocalyptic
The Girl Who Leapt Through Time,2006,film,time_travel
Leroy & Stitch,2006,film,aliens
Leroy & Stitch,2006,film,space_opera
Ultraviolet,2006,film,dystopia
The Butterfly Effect 2,2006,film,time_travel
Doraemon: Nobita's Dinosaur,2006,film,time_travel
A Scanner Darkly,2006,film,cyberpunk
A Scanner Darkly,2006,film,dystopia
Ultimate Avengers: The Movie,2006,film,aliens
Renaissance,2006,film,dystopia
Ultimate Avengers 2,2006,film,aliens
Alien Autopsy,2006,film,aliens
Lifted,2006,film,aliens
Origin: Spirits of the Past,2006,film,dystopia
Codename: Kids Next Door: Operation Z.E.R.O.,2006,film,apocalyptic
Ghost in the Shell: S.A.C. 2nd GIG - Individual Eleven,2006,film,cyberpunk
Ghost in the Shell: S.A.C. 2nd GIG - Individual Eleven,2006,film,robots
Mammoth,2006,film,aliens
Altered,2006,film,aliens
Evil Aliens,2006,film,aliens
Poultrygeist: Night of the Chicken Dead,2006,film,apocalyptic
Right at Your Door,2006,film,apocalyptic
The Black Hole,2006,film,aliens
The Amazing Screw-On Head,2006,film,robots
The Amazing Screw-On Head,2006,film,steampunk
Meatball Machine,2006,film,aliens
Meatball Machine,2006,film,cyberpunk
The Dark Hour,2006,film,apocalyptic
Electroma,2006,film,robots
Turks in Space,2006,film,space_opera
I Am Legend,2007,film,apocalyptic
I Am Legend,2007,film,dystopia
Aliens vs Predator: Requiem,2007,film,aliens
28 Weeks Later,2007,film,apocalyptic
Fantastic Four: Rise of the Silver Surfer,2007,film,military
Fantastic Four: Rise of the Silver Surfer,2007,film,space_opera
Meet the Robinsons,2007,film,time_travel
Next,2007,film,time_travel
The Invasion,2007,film,aliens
The Invasion,2007,film,apocalyptic
Sunshine,2007,film,space_opera
Doraemon: Nobita's New Great Adventure Into the Underworld - The Seven Magic Users,2007,film,time_travel
Transformers,2007,film,aliens
Transformers,2007,film,robots
Timecrimes,2007,film,time_travel
Evangelion: 1.0 You Are (Not) Alone,2007,film,aliens
Evangelion: 1.0 You Are (Not) Alone,2007,film,apocalyptic
Evangelion: 1.0 You Are (Not) Alone,2007,film,dystopia
Evangelion: 1.0 You Are (Not) Alone,2007,film,military
Diary of the Dead,2007,film,apocalyptic
Futurama: Bender's Big Score,2007,film,time_travel
Ben 10: Secret of the Omnitrix,2007,film,aliens
Species: The Awakening,2007,film,aliens
Southland Tales,2007,film,time_travel
Battlestar Galactica: Razor,2007,film,space_opera
The Astronaut Farmer,2007,film,space_opera
The Last Mimzy,2007,film,time_travel
Resident Evil: Extinction,2007,film,apocalyptic
Resident Evil: Extinction,2007,film,dystopia
Battle for Terra,2007,film,robots
Family Guy Presents: Blue Harvest,2007,film,space_opera
Ghost in the Shell: Stand Alone Complex - Solid State Society,2007,film,cyberpunk
Ghost in the Shell: Stand Alone Complex - Solid State Society,2007,film,robots
Vexille,2007,film,cyberpunk
Vexille,2007,film,robots
Dororo,2007,film,apocalyptic
Appleseed: Ex Machina,2007,film,cyberpunk
Appleseed: Ex Machina,2007,film,robots
Transformers: Beginnings,2007,film,robots
Decoys 2: Alien Seduction,2007,film,aliens
Aqua Teen Hunger Force Colon Movie Film for Theaters,2007,film,robots
I Am Omega,2007,film,apocalyptic
The Gene Generation,2007,film,cyberpunk
Perfect Creature,2007,film,alternate_universe
Perfect Creature,2007,film,steampunk
Unearthed,2007,film,aliens
Chrysalis,2007,film,dystopia
The Aerial,2007,film,dystopia
Doctor Who: Time Crash,2007,film,time_travel
Monica's Gang in an Adventure in Time,2007,film,time_travel
WALL·E,2008,film,dystopia
WALL·E,2008,film,robots
WALL·E,2008,film,space_opera
The Incredible Hulk,2008,film,military
Death Race,2008,film,dystopia
Cloverfield,2008,film,aliens
Cloverfield,2008,film,military
The Happening,2008,film,apocalyptic
The Day the Earth Stood Still,2008,film,aliens
The Day the Earth Stood Still,2008,film,space_opera
Doomsday,2008,film,apocalyptic
Doomsday,2008,film,dystopia
Star Wars: The Clone Wars,2008,film,robots
Star Wars: The Clone Wars,2008,film,space_opera
The X-Files: I Want to Believe,2008,film,aliens
Meet Dave,2008,film,aliens
Meet Dave,2008,film,space_opera
Quarantine,2008,film,apocalyptic
Outlander,2008,film,aliens
Babylon A.D.,2008,film,cyberpunk
Babylon A.D.,2008,film,dystopia
Resident Evil: Degeneration,2008,film,apocalyptic
Resident Evil: Degeneration,2008,film,dystopia
Ben 10: Race Against Time,2008,film,aliens
Stargate: The Ark of Truth,2008,film,aliens
Stargate: The Ark of Truth,2008,film,space_opera
Stargate: Continuum,2008,film,aliens
Stargate: Continuum,2008,film,space_opera
Stargate: Continuum,2008,film,time_travel
Zombie Strippers!,2008,film,apocalyptic
Space Chimps,2008,film,space_opera
BURN·E,2008,film,robots
BURN·E,2008,film,space_opera
Dragon Ball: Yo! Son Goku and His Friends Return!!,2008,film,aliens
Ghost in the Shell 2.0,2008,film,cyberpunk
Ghost in the Shell 2.0,2008,film,dystopia
Ghost in the Shell 2.0,2008,film,robots
Knight Rider,2008,film,robots
Tokyo Gore Police,2008,film,cyberpunk
Repo! The Genetic Opera,2008,film,dystopia
Day of the Dead,2008,film,apocalyptic
Cyborg She,2008,film,robots
Cyborg She,2008,film,time_travel
Futurama: The Beast with a Billion Backs,2008,film,aliens
War of the Worlds 2: The Next Wave,2008,film,aliens
War of the Worlds 2: The Next Wave,2008,film,dystopia
War of the Worlds 2: The Next Wave,2008,film,military
2012 Doomsday,2008,film,dystopia
Dante 01,2008,film,space_opera
Visioneers,2008,film,dystopia
Doctor Who: The Next Doctor,2008,film,aliens
Doctor Who: The Next Doctor,2008,film,robots
Doctor Who: The Next Doctor,2008,film,time_travel
We Are from the Future,2008,film,time_travel
Sleep Dealer,2008,film,dystopia
A.R.O.G,2008,film,time_travel
Avatar,2009,film,space_opera
Star Trek,2009,film,space_opera
Star Trek,2009,film,time_travel
District 9,2009,film,aliens
District 9,2009,film,alternate_history
District 9,2009,film,dystopia
Monsters vs Aliens,2009,film,aliens
Terminator Salvation,2009,film,apocalyptic
Terminator Salvation,2009,film,dystopia
Terminator Salvation,2009,film,robots
9,2009,film,apocalyptic
9,2009,film,dystopia
9,2009,film,steampunk
Knowing,2009,film,aliens
Mr. Nobody,2009,film,time_travel
Planet 51,2009,film,aliens
Planet 51,2009,film,space_opera
Surrogates,2009,film,dystopia
Surrogates,2009,film,robots
Astro Boy,2009,film,robots
Moon,2009,film,dystopia
Moon,2009,film,robots
Moon,2009,film,space_opera
Summer Wars,2009,film,robots
Gamer,2009,film,dystopia
Transformers: Revenge of the Fallen,2009,film,aliens
Transformers: Revenge of the Fallen,2009,film,robots
Race to Witch Mountain,2009,film,aliens
Race to Witch Mountain,2009,film,military
Race to Witch Mountain,2009,film,space_opera
The Fourth Kind,2009,film,aliens
Pandorum,2009,film,dystopia
Pandorum,2009,film,space_opera
Land of the Lost,2009,film,alternate_universe
Aliens in the Attic,2009,film,aliens
Carriers,2009,film,apocalyptic
Ben 10: Alien Swarm,2009,film,aliens
Evangelion: 2.0 You Can (Not) Advance,2009,film,aliens
Evangelion: 2.0 You Can (Not) Advance,2009,film,apocalyptic
Evangelion: 2.0 You Can (Not) Advance,2009,film,military
Green Lantern: First Flight,2009,film,aliens
The Butterfly Effect 3: Revelations,2009,film,time_travel
Space Buddies,2009,film,space_opera
Mutant Pumpkins from Outer Space,2009,film,aliens
Metropia,2009,film,dystopia
Frequently Asked Questions About Time Travel,2009,film,time_travel
The Door,2009,film,time_travel
Futurama: Into the Wild Green Yonder,2009,film,aliens
Gurren Lagann the Movie: The Lights in the Sky Are Stars,2009,film,dystopia
Cargo,2009,film,space_opera
Pontypool,2009,film,apocalyptic
MegaFault,2009,film,military
"Family Guy Presents: Something, Something, Something, Dark Side",2009,film,space_opera
Turtles Forever,2009,film,aliens
Turtles Forever,2009,film,alternate_universe
Against the Dark,2009,film,apocalyptic
Virtuality,2009,film,space_opera
The Inhabited Island,2009,film,space_opera
Doctor Who: The Waters of Mars,2009,film,alternate_history
Doctor Who: Planet of the Dead,2009,film,aliens
RoboGeisha,2009,film,robots
Skyrunners,2009,film,space_opera
Cencoroll,2009,film,aliens
The Terminators,2009,film,robots
Happy End,2009,film,apocalyptic
2081,2009,film,dystopia
I Am Here....Now,2009,film,aliens
I Am Here....Now,2009,film,robots
Panic Attack!,2009,film,aliens
TRON: Legacy,2010,film,dystopia
TRON: Legacy,2010,film,robots
Megamind,2010,film,aliens
Predators,2010,film,aliens
The Book of Eli,2010,film,apocalyptic
The Book of Eli,2010,film,dystopia
Repo Men,2010,film,cyberpunk
Repo Men,2010,film,dystopia
Death Race 2,2010,film,dystopia
Daybreakers,2010,film,dystopia
Never Let Me Go,2010,film,dystopia
Hot Tub Time Machine,2010,film,time_travel
Skyline,2010,film,aliens
Gantz,2010,film,aliens
The Lost Future,2010,film,apocalyptic
Monsters,2010,film,aliens
Monsters,2010,film,dystopia
Tekken,2010,film,dystopia
Family Guy Presents: It's a Trap!,2010,film,military
Family Guy Presents: It's a Trap!,2010,film,space_opera
Space Battleship Yamato,2010,film,aliens
Space Battleship Yamato,2010,film,apocalyptic
Space Battleship Yamato,2010,film,military
Mega Shark vs. Crocosaurus,2010,film,military
Enthiran,2010,film,robots
Stake Land,2010,film,apocalyptic
King of Thorn,2010,film,apocalyptic
Hunter Prey,2010,film,aliens
Welcome to the Space Show,2010,film,aliens
Welcome to the Space Show,2010,film,space_opera
Time of EVE: The Movie,2010,film,robots
Time Traveller: The Girl Who Leapt Through Time,2010,film,time_travel
Helldriver,2010,film,aliens
Helldriver,2010,film,apocalyptic
Helldriver,2010,film,dystopia
Tetsuo: The Bullet Man,2010,film,cyberpunk
Tetsuo: The Bullet Man,2010,film,robots
The Dead,2010,film,apocalyptic
We Are from the Future 2,2010,film,time_travel
Resident Evil: Afterlife,2010,film,apocalyptic
Resident Evil: Afterlife,2010,film,dystopia
Real Steel,2011,film,robots
In Time,2011,film,dystopia
Rise of the Planet of the Apes,2011,film,apocalyptic
Rise of the Planet of the Apes,2011,film,dystopia
Source Code,2011,film,time_travel
Green Lantern,2011,film,aliens
Cowboys & Aliens,2011,film,aliens
Cowboys & Aliens,2011,film,space_opera
Paul,2011,film,aliens
Contagion,2011,film,apocalyptic
Super 8,2011,film,aliens
The Thing,2011,film,aliens
Battle: Los Angeles,2011,film,aliens
I Am Number Four,2011,film,aliens
The Darkest Hour,2011,film,aliens
Doraemon: Nobita and the New Steel Troops: Winged Angels,2011,film,robots
Attack the Block,2011,film,aliens
Transformers: Dark of the Moon,2011,film,space_opera
Quarantine 2: Terminal,2011,film,apocalyptic
Green Lantern: Emerald Knights,2011,film,aliens
Dragon Ball: Episode of Bardock,2011,film,time_travel
Apollo 18,2011,film,aliens
Ra.One,2011,film,robots
EVA,2011,film,robots
Judas Kiss,2011,film,time_travel
Manborg,2011,film,dystopia
Manborg,2011,film,robots
The Captains,2011,film,space_opera
Zombie Apocalypse,2011,film,apocalyptic
Dylan Dog: Dead of Night,2011,film,apocalyptic
The Day,2011,film,apocalyptic
The Day,2011,film,dystopia
LEGO Star Wars: The Padawan Menace,2011,film,space_opera
Dead Space: Aftermath,2011,film,space_opera
Hell,2011,film,apocalyptic
Hell,2011,film,dystopia
The Man from the Future,2011,film,time_travel
Battle of Los Angeles,2011,film,aliens
Battle of Los Angeles,2011,film,robots
Battle of Los Angeles,2011,film,space_opera
Mardock Scramble: The Second Combustion,2011,film,cyberpunk
Mardock Scramble: The Second Combustion,2011,film,robots
"Doctor Who: The Doctor, the Widow and the Wardrobe",2011,film,aliens
"Doctor Who: The Doctor, the Widow and the Wardrobe",2011,film,time_travel
7Aum Arivu,2011,film,apocalyptic
Love,2011,film,space_opera
51,2011,film,aliens
Android Re-Enactment,2011,film,robots
Extraterrestrial,2011,film,aliens
The Amazing Spider-Man,2012,film,apocalyptic
The Avengers,2012,film,aliens
Prometheus,2012,film,aliens
Prometheus,2012,film,robots
Prometheus,2012,film,space_opera
John Carter,2012,film,aliens
John Carter,2012,film,space_opera
John Carter,2012,film,steampunk
Cloud Atlas,2012,film,dystopia
Cloud Atlas,2012,film,robots
Total Recall,2012,film,dystopia
The Hunger Games,2012,film,dystopia
Looper,2012,film,dystopia
Looper,2012,film,time_travel
Men in Black 3,2012,film,aliens
Men in Black 3,2012,film,time_travel
Dredd,2012,film,apocalyptic
Dredd,2012,film,cyberpunk
Dredd,2012,film,dystopia
The Watch,2012,film,aliens
Resident Evil: Damnation,2012,film,apocalyptic
Resident Evil: Damnation,2012,film,dystopia
Iron Sky,2012,film,space_opera
Lockout,2012,film,space_opera
"Batman: The Dark Knight Returns, Part 1",2012,film,dystopia
Evangelion: 3.0 You Can (Not) Redo,2012,film,aliens
Evangelion: 3.0 You Can (Not) Redo,2012,film,apocalyptic
Evangelion: 3.0 You Can (Not) Redo,2012,film,military
Safety Not Guaranteed,2012,film,time_travel
Robot & Frank,2012,film,robots
Ben 10: Destroy All Aliens,2012,film,aliens
The Bay,2012,film,apocalyptic
Time Travel Mater,2012,film,time_travel
The Philadelphia Experiment,2012,film,time_travel
Battlestar Galactica: Blood & Chrome,2012,film,military
Battlestar Galactica: Blood & Chrome,2012,film,space_opera
Antiviral,2012,film,apocalyptic
U.F.O.,2012,film,aliens
U.F.O.,2012,film,military
Code Geass: Akito the Exiled 1: The Wyvern Arrives,2012,film,alternate_universe
Code Geass: Akito the Exiled 1: The Wyvern Arrives,2012,film,military
Nazis at the Center of the Earth,2012,film,apocalyptic
Nazis at the Center of the Earth,2012,film,robots
009 Re:Cyborg,2012,film,robots
Space Milkshake,2012,film,space_opera
Doctor Who: The Snowmen,2012,film,aliens
Mass Effect: Paragon Lost,2012,film,aliens
Thermae Romae,2012,film,time_travel
Alien Tornado,2012,film,aliens
State of Emergency,2012,film,apocalyptic
Mardock Scramble: The Third Exhaust,2012,film,cyberpunk
Mardock Scramble: The Third Exhaust,2012,film,robots
A Little Bit Zombie,2012,film,apocalyptic
Resident Evil: Retribution,2012,film,apocalyptic
Resident Evil: Retribution,2012,film,dystopia
The History of Future Folk,2012,film,aliens
Pacific Rim,2013,film,aliens
Pacific Rim,2013,film,dystopia
Pacific Rim,2013,film,robots
World War Z,2013,film,apocalyptic
World War Z,2013,film,dystopia
Man of Steel,2013,film,aliens
The Hunger Games: Catching Fire,2013,film,dystopia
Star Trek Into Darkness,2013,film,aliens
Star Trek Into Darkness,2013,film,space_opera
Her,2013,film,robots
Oblivion,2013,film,apocalyptic
Oblivion,2013,film,dystopia
Oblivion,2013,film,space_opera
The Purge,2013,film,dystopia
Snowpiercer,2013,film,apocalyptic
Snowpiercer,2013,film,dystopia
Gravity,2013,film,space_opera
Ender's Game,2013,film,aliens
Ender's Game,2013,film,space_opera
Dark Skies,2013,film,aliens
Elysium,2013,film,dystopia
After Earth,2013,film,aliens
After Earth,2013,film,apocalyptic
After Earth,2013,film,dystopia
Riddick,2013,film,aliens
Riddick,2013,film,dystopia
The Host,2013,film,aliens
The Host,2013,film,dystopia
The Flu,2013,film,apocalyptic
The Colony,2013,film,dystopia
"Batman: The Dark Knight Returns, Part 2",2013,film,dystopia
Justice League: The Flashpoint Paradox,2013,film,time_travel
Escape from Planet Earth,2013,film,aliens
Escape from Planet Earth,2013,film,space_opera
Europa Report,2013,film,space_opera
Steins;Gate: The Movie - Load Region of Déjà Vu,2013,film,time_travel
The Last Days on Mars,2013,film,apocalyptic
The Machine,2013,film,dystopia
The Machine,2013,film,military
The Machine,2013,film,robots
Doctor Who: The Day of the Doctor,2013,film,aliens
Doctor Who: The Day of the Doctor,2013,film,time_travel
The Zero Theorem,2013,film,dystopia
How I Live Now,2013,film,apocalyptic
Space Pirate Captain Harlock,2013,film,space_opera
Patema Inverted,2013,film,dystopia
Gintama: The Final Chapter - Be Forever Yorozuya,2013,film,time_travel
009-1: The End of the Beginning,2013,film,apocalyptic
009-1: The End of the Beginning,2013,film,dystopia
009-1: The End of the Beginning,2013,film,robots
Ghost in the Shell: Arise - Border 1: Ghost Pain,2013,film,cyberpunk
Ghost in the Shell: Arise - Border 1: Ghost Pain,2013,film,robots
Ghost in the Shell: Arise - Border 2: Ghost Whispers,2013,film,cyberpunk
Ghost in the Shell: Arise - Border 2: Ghost Whispers,2013,film,robots
Doctor Who: The Time of the Doctor,2013,film,aliens
Bounty Killer,2013,film,apocalyptic
Bounty Killer,2013,film,dystopia
A Certain Magical Index: The Miracle of Endymion,2013,film,robots
Code Geass: Akito the Exiled 2: The Wyvern Divided,2013,film,alternate_history
Code Geass: Akito the Exiled 2: The Wyvern Divided,2013,film,military
Spiders,2013,film,aliens
The Last Days,2013,film,apocalyptic
The Last Days,2013,film,dystopia
Battle of the Damned,2013,film,apocalyptic
Battle of the Damned,2013,film,robots
Puppy,2013,film,aliens
Doctor Who: The Night of the Doctor,2013,film,time_travel
Robosapien: Rebooted,2013,film,robots
Skinwalker Ranch,2013,film,aliens
I'll Follow You Down,2013,film,time_travel
Independence Daysaster,2013,film,aliens
Independence Daysaster,2013,film,space_opera
Zombie Hunter,2013,film,apocalyptic
R'ha,2013,film,aliens
Riddick: Blindsided,2013,film,dystopia
Interstellar,2014,film,dystopia
Interstellar,2014,film,robots
Interstellar,2014,film,space_opera
Interstellar,2014,film,time_travel
The Maze Runner,2014,film,apocalyptic
The Maze Runner,2014,film,dystopia
X-Men: Days of Future Past,2014,film,time_travel
The Hunger Games: Mockingjay - Part 1,2014,film,apocalyptic
The Hunger Games: Mockingjay - Part 1,2014,film,dystopia
The Hunger Games: Mockingjay - Part 1,2014,film,military
Guardians of the Galaxy,2014,film,space_opera
Dawn of the Planet of the Apes,2014,film,apocalyptic
Dawn of the Planet of the Apes,2014,film,dystopia
Transformers: Age of Extinction,2014,film,aliens
Transformers: Age of Extinction,2014,film,robots
Edge of Tomorrow,2014,film,aliens
Edge of Tomorrow,2014,film,dystopia
Edge of Tomorrow,2014,film,time_travel
Lucy,2014,film,robots
Lucy,2014,film,time_travel
Divergent,2014,film,dystopia
Predestination,2014,film,time_travel
Coherence,2014,film,alternate_universe
Coherence,2014,film,time_travel
RoboCop,2014,film,dystopia
RoboCop,2014,film,robots
Mr. Peabody & Sherman,2014,film,time_travel
The Giver,2014,film,dystopia
Transcendence,2014,film,robots
Under the Skin,2014,film,aliens
Automata,2014,film,dystopia
Automata,2014,film,robots
PK,2014,film,aliens
Stand by Me Doraemon,2014,film,time_travel
Cooties,2014,film,apocalyptic
Time Lapse,2014,film,time_travel
Parasyte: Part 1,2014,film,aliens
Earth to Echo,2014,film,aliens
Ghost in the Shell: Arise - Border 3: Ghost Tears,2014,film,cyberpunk
Ghost in the Shell: Arise - Border 3: Ghost Tears,2014,film,robots
How to Build a Better Boy,2014,film,robots
The Last Survivors,2014,film,apocalyptic
Phineas and Ferb: Star Wars,2014,film,space_opera
Young Ones,2014,film,dystopia
JLA Adventures: Trapped in Time,2014,film,robots
JLA Adventures: Trapped in Time,2014,film,time_travel
Expelled from Paradise,2014,film,apocalyptic
Iceman,2014,film,time_travel
Alien Abduction,2014,film,aliens
Monsters: Dark Continent,2014,film,aliens
Monsters: Dark Continent,2014,film,apocalyptic
Ghost in the Shell: Arise - Border 4: Ghost Stands Alone,2014,film,cyberpunk
Ghost in the Shell: Arise - Border 4: Ghost Stands Alone,2014,film,robots
Extraterrestrial,2014,film,aliens
The Midnight After,2014,film,alternate_universe
Alien Outpost,2014,film,aliens
Alien Outpost,2014,film,dystopia
Age of Tomorrow,2014,film,aliens
Age of Tomorrow,2014,film,space_opera
Batman Beyond,2014,film,robots
Bermuda Tentacles,2014,film,aliens
Hard to Be a God,2014,film,dystopia
Appleseed Alpha,2014,film,apocalyptic
Appleseed Alpha,2014,film,cyberpunk
Parts Per Billion,2014,film,apocalyptic
Chaos on the Bridge,2014,film,space_opera
Hangar 10,2014,film,aliens
Crawl or Die,2014,film,aliens
The Infinite Man,2014,film,time_travel
Another World,2014,film,apocalyptic
Delirium,2014,film,dystopia
Almost Human,2014,film,aliens
Ambition,2014,film,space_opera
Johnny Express,2014,film,aliens
Johnny Express,2014,film,space_opera
The Martian,2015,film,space_opera
Avengers: Age of Ultron,2015,film,robots
Mad Max: Fury Road,2015,film,apocalyptic
Mad Max: Fury Road,2015,film,dystopia
Star Wars: The Force Awakens,2015,film,robots
Star Wars: The Force Awakens,2015,film,space_opera
Terminator Genisys,2015,film,dystopia
Terminator Genisys,2015,film,robots
Terminator Genisys,2015,film,time_travel
Pixels,2015,film,aliens
Pixels,2015,film,military
Ex Machina,2015,film,robots
Maze Runner: The Scorch Trials,2015,film,apocalyptic
Maze Runner: The Scorch Trials,2015,film,dystopia
Chappie,2015,film,dystopia
Chappie,2015,film,robots
The Hunger Games: Mockingjay - Part 2,2015,film,dystopia
Insurgent,2015,film,dystopia
Jupiter Ascending,2015,film,space_opera
Home,2015,film,aliens
Home,2015,film,space_opera
Vice,2015,film,robots
Project Almanac,2015,film,time_travel
Hardcore Henry,2015,film,robots
Maggie,2015,film,apocalyptic
Maggie,2015,film,dystopia
Regular Show: The Movie,2015,film,time_travel
The Sand,2015,film,aliens
Absolutely Anything,2015,film,aliens
Dead Rising: Watchtower,2015,film,apocalyptic
PSYCHO-PASS: The Movie,2015,film,cyberpunk
Extinction,2015,film,apocalyptic
Sharknado 3: Oh Hell No!,2015,film,space_opera
400 Days,2015,film,space_opera
Scooby-Doo! Moon Monster Madness,2015,film,aliens
Doraemon: Nobita and the Space Heroes,2015,film,robots
Doraemon: Nobita and the Space Heroes,2015,film,time_travel
Freaks of Nature,2015,film,aliens
Freaks of Nature,2015,film,apocalyptic
April and the Extraordinary World,2015,film,alternate_history
April and the Extraordinary World,2015,film,steampunk
Kung Fury,2015,film,robots
Kung Fury,2015,film,time_travel
Ghost in the Shell: The New Movie,2015,film,cyberpunk
Ghost in the Shell: The New Movie,2015,film,robots
Parasyte: Part 2,2015,film,aliens
Z for Zachariah,2015,film,apocalyptic
Z for Zachariah,2015,film,dystopia
Area 51,2015,film,aliens
Turbo Kid,2015,film,apocalyptic
Turbo Kid,2015,film,dystopia
Turbo Kid,2015,film,robots
Synchronicity,2015,film,alternate_universe
Synchronicity,2015,film,time_travel
Flight World War II,2015,film,time_travel
Andron,2015,film,dystopia
The Survivalist,2015,film,apocalyptic
Robot Overlords,2015,film,robots
Earthfall,2015,film,dystopia
Code Geass: Akito the Exiled 3: The Brightness Falls,2015,film,military
The Empire of Corpses,2015,film,steampunk
Harmony,2015,film,apocalyptic
Harmony,2015,film,cyberpunk
Harmony,2015,film,dystopia
Mobile Suit Gundam: The Origin I - Blue-Eyed Casval,2015,film,alternate_history
Mobile Suit Gundam: The Origin I - Blue-Eyed Casval,2015,film,space_opera
Cosmic Scrat-tastrophe,2015,film,space_opera
Stormageddon,2015,film,dystopia
Re-Kill,2015,film,apocalyptic
Advantageous,2015,film,dystopia
Enter Nowhere,2015,film,time_travel
Doctor Who: The Husbands of River Song,2015,film,robots
Doctor Who: The Husbands of River Song,2015,film,time_travel
Zombie Shark,2015,film,apocalyptic
Battle for SkyArk,2015,film,aliens
World of Tomorrow,2015,film,robots
World of Tomorrow,2015,film,time_travel
Martian Land,2015,film,dystopia
The Hive,2015,film,apocalyptic
Code Geass: Akito the Exiled 4: Memories of Hatred,2015,film,military
Uncanny,2015,film,robots
The Phoenix Incident,2015,film,aliens
Man Vs.,2015,film,aliens
Don't Grow Up,2015,film,apocalyptic
Embers,2015,film,apocalyptic
Arrival,2016,film,aliens
Arrival,2016,film,military
Arrival,2016,film,space_opera
Star Trek Beyond,2016,film,space_opera
Rogue One: A Star Wars Story,2016,film,robots
Rogue One: A Star Wars Story,2016,film,space_opera
The 5th Wave,2016,film,aliens
The 5th Wave,2016,film,dystopia
Independence Day: Resurgence,2016,film,aliens
Passengers,2016,film,robots
Passengers,2016,film,space_opera
Allegiant,2016,film,dystopia
The Girl with All the Gifts,2016,film,apocalyptic
Spectral,2016,film,military
Cell,2016,film,apocalyptic
Morgan,2016,film,robots
Kill Command,2016,film,dystopia
Kill Command,2016,film,robots
Midnight Special,2016,film,military
Doraemon: Nobita and the Birth of Japan,2016,film,time_travel
Approaching the Unknown,2016,film,space_opera
ARQ,2016,film,apocalyptic
ARQ,2016,film,time_travel
Ares,2016,film,cyberpunk
Ares,2016,film,dystopia
Here Alone,2016,film,apocalyptic
Science Fiction Volume One: The Osiris Child,2016,film,space_opera
Zoombies,2016,film,apocalyptic
Pandemic,2016,film,apocalyptic
Into the Forest,2016,film,dystopia
Hot Bot,2016,film,robots
Seoul Station,2016,film,apocalyptic
Spark: A Space Tail,2016,film,space_opera
The Untamed,2016,film,aliens
Assassination Classroom: Graduation,2016,film,aliens
Code Geass: Akito the Exiled 5: To Beloved Ones,2016,film,military
The Perfect Weapon,2016,film,dystopia
Cyborg X,2016,film,robots
Code 8,2016,film,dystopia
Lazer Team,2016,film,aliens
Virtual Revolution,2016,film,cyberpunk
Capsule,2016,film,space_opera
Orange: Future,2016,film,time_travel
24,2016,film,time_travel
Paradox,2016,film,time_travel
Resident Evil: The Final Chapter,2016,film,apocalyptic
Resident Evil: The Final Chapter,2016,film,dystopia
Guardians of the Galaxy Vol. 2,2017,film,aliens
Guardians of the Galaxy Vol. 2,2017,film,space_opera
Blade Runner 2049,2017,film,cyberpunk
Blade Runner 2049,2017,film,dystopia
Blade Runner 2049,2017,film,robots
Star Wars: The Last Jedi,2017,film,space_opera
Logan,2017,film,dystopia
Logan,2017,film,robots
War for the Planet of the Apes,2017,film,apocalyptic
War for the Planet of the Apes,2017,film,dystopia
Alien: Covenant,2017,film,aliens
Alien: Covenant,2017,film,robots
Alien: Covenant,2017,film,space_opera
Transformers: The Last Knight,2017,film,robots
Valerian and the City of a Thousand Planets,2017,film,aliens
Valerian and the City of a Thousand Planets,2017,film,alternate_universe
Valerian and the City of a Thousand Planets,2017,film,military
Valerian and the City of a Thousand Planets,2017,film,space_opera
Ghost in the Shell,2017,film,cyberpunk
Ghost in the Shell,2017,film,dystopia
Ghost in the Shell,2017,film,robots
Geostorm,2017,film,robots
Geostorm,2017,film,space_opera
The Dark Tower,2017,film,alternate_universe
Life,2017,film,aliens
Life,2017,film,space_opera
What Happened to Monday,2017,film,dystopia
Power Rangers,2017,film,space_opera
Time Trap,2017,film,time_travel
Resident Evil: Vendetta,2017,film,apocalyptic
Doraemon: Nobita's Great Adventure in the Antarctic Kachi Kochi,2017,film,time_travel
Mazinger Z: Infinity,2017,film,robots
The Bad Batch,2017,film,apocalyptic
The Bad Batch,2017,film,dystopia
The Cured,2017,film,apocalyptic
The Cured,2017,film,military
Attraction,2017,film,aliens
How to Talk to Girls at Parties,2017,film,aliens
Ravenous,2017,film,apocalyptic
The Recall,2017,film,aliens
Singularity,2017,film,robots
The Humanity Bureau,2017,film,dystopia
Revolt,2017,film,aliens
Barbie Video Game Hero,2017,film,apocalyptic
Sharknado 5: Global Swarming,2017,film,time_travel
Kill Switch,2017,film,alternate_universe
The Irregular at Magic High School: The Girl Who Summons the Stars,2017,film,military
Magellan,2017,film,robots
Magellan,2017,film,space_opera
Toxic Shark,2017,film,apocalyptic
Death Race 2050,2017,film,dystopia
Doctor Who: Twice Upon a Time,2017,film,aliens
Doctor Who: Twice Upon a Time,2017,film,time_travel
Teleios,2017,film,robots
2036: Nexus Dawn,2017,film,cyberpunk
2036: Nexus Dawn,2017,film,dystopia
2036: Nexus Dawn,2017,film,robots
Gintama,2017,film,aliens
Reset,2017,film,time_travel
Arrowhead,2017,film,aliens
Lucid Dream,2017,film,time_travel
Phoenix Forgotten,2017,film,aliens
Curvature,2017,film,time_travel
2048: Nowhere to Run,2017,film,cyberpunk
2048: Nowhere to Run,2017,film,dystopia
2048: Nowhere to Run,2017,film,robots
Beyond Skyline,2017,film,aliens
Genocidal Organ,2017,film,dystopia
Blade Runner: Black Out 2022,2017,film,cyberpunk
Blade Runner: Black Out 2022,2017,film,dystopia
Blade Runner: Black Out 2022,2017,film,robots
Alien Invasion: S.U.M.1,2017,film,aliens
Alien Invasion: S.U.M.1,2017,film,military
Dance to Death,2017,film,dystopia
Alone,2017,film,apocalyptic
Alien Convergence,2017,film,aliens
Rakka,2017,film,aliens
Rakka,2017,film,dystopia
Godless Youth,2017,film,dystopia
Domain,2017,film,apocalyptic
The Man with the Magic Box,2017,film,time_travel
Avengers: Infinity War,2018,film,space_opera
Spider-Man: Into the Spider-Verse,2018,film,alternate_universe
Venom,2018,film,aliens
Venom,2018,film,space_opera
Ready Player One,2018,film,dystopia
A Quiet Place,2018,film,aliens
A Quiet Place,2018,film,apocalyptic
Maze Runner: The Death Cure,2018,film,apocalyptic
The Predator,2018,film,aliens
The Predator,2018,film,military
Solo: A Star Wars Story,2018,film,space_opera
Pacific Rim: Uprising,2018,film,aliens
Pacific Rim: Uprising,2018,film,robots
Bumblebee,2018,film,robots
Upgrade,2018,film,cyberpunk
Upgrade,2018,film,dystopia
Upgrade,2018,film,robots
Mortal Engines,2018,film,apocalyptic
Mortal Engines,2018,film,dystopia
Mortal Engines,2018,film,steampunk
The Cloverfield Paradox,2018,film,aliens
The Cloverfield Paradox,2018,film,alternate_universe
The Cloverfield Paradox,2018,film,space_opera
Teen Titans Go! To the Movies,2018,film,time_travel
Next Gen,2018,film,robots
Extinction,2018,film,aliens
Extinction,2018,film,space_opera
A-X-L,2018,film,robots
High Life,2018,film,space_opera
The Titan,2018,film,dystopia
Level 16,2018,film,dystopia
Anon,2018,film,dystopia
Hostile,2018,film,apocalyptic
Hotel Artemis,2018,film,dystopia
Time Freak,2018,film,time_travel
Illang: The Wolf Brigade,2018,film,dystopia
Mute,2018,film,cyberpunk
Megalodon,2018,film,military
Fahrenheit 451,2018,film,dystopia
Redcon-1,2018,film,apocalyptic
Inuyashiki,2018,film,robots
Occupation,2018,film,aliens
A.I. Rising,2018,film,dystopia
A.I. Rising,2018,film,robots
Godzilla: City on the Edge of Battle,2018,film,aliens
Future World,2018,film,apocalyptic
Future World,2018,film,robots
Tau,2018,film,robots
2.0,2018,film,robots
A Rough Draft,2018,film,alternate_universe
I Think We're Alone Now,2018,film,apocalyptic
Devil's Gate,2018,film,aliens
Dragon Ball Super: Broly,2018,film,aliens
2036 Origin Unknown,2018,film,robots
Battle Drone,2018,film,robots
Scorched Earth,2018,film,apocalyptic
F.R.E.D.I.,2018,film,robots
Beyond the Sky,2018,film,aliens
Frontier,2018,film,time_travel
Incoming,2018,film,space_opera
Alien Expedition,2018,film,aliens
Alien Expedition,2018,film,space_opera
The Gateway,2018,film,alternate_universe
Dystopia,2018,film,dystopia
Mega Time Squad,2018,film,time_travel
Some Time Later,2018,film,dystopia
Dirty Computer,2018,film,cyberpunk
Dirty Computer,2018,film,dystopia
White Chamber,2018,film,dystopia
Avengers: Endgame,2019,film,aliens
Avengers: Endgame,2019,film,space_opera
Avengers: Endgame,2019,film,time_travel
Captain Marvel,2019,film,aliens
Star Wars: The Rise of Skywalker,2019,film,space_opera
Alita: Battle Angel,2019,film,cyberpunk
Alita: Battle Angel,2019,film,dystopia
Terminator: Dark Fate,2019,film,dystopia
Terminator: Dark Fate,2019,film,robots
Terminator: Dark Fate,2019,film,time_travel
Men in Black: International,2019,film,aliens
Code 8,2019,film,dystopia
Child's Play,2019,film,robots
I Am Mother,2019,film,apocalyptic
I Am Mother,2019,film,robots
Teen Titans Go! vs. Teen Titans,2019,film,alternate_universe
In the Shadow of the Moon,2019,film,time_travel
Rim of the World,2019,film,aliens
Hello World,2019,film,time_travel
Don't Let Go,2019,film,time_travel
Kabaneri of the Iron Fortress: The Battle of Unato,2019,film,apocalyptic
Kabaneri of the Iron Fortress: The Battle of Unato,2019,film,steampunk
Doraemon: Nobita's Chronicle of the Moon Exploration,2019,film,alternate_universe
Doraemon: Nobita's Chronicle of the Moon Exploration,2019,film,robots
Doraemon: Nobita's Chronicle of the Moon Exploration,2019,film,space_opera
Iron Sky: The Coming Race,2019,film,aliens
Iron Sky: The Coming Race,2019,film,apocalyptic
Life Like,2019,film,robots
Captive State,2019,film,aliens
Captive State,2019,film,dystopia
Justice League vs. the Fatal Five,2019,film,time_travel
Doom: Annihilation,2019,film,space_opera
Code Geass: Lelouch of the Re;surrection,2019,film,military
IO,2019,film,apocalyptic
Aniara,2019,film,dystopia
Aniara,2019,film,space_opera
The Man Who Killed Hitler and Then the Bigfoot,2019,film,alternate_history
The Blackout,2019,film,aliens
Shanghai Fortress,2019,film,aliens
Shanghai Fortress,2019,film,apocalyptic
Made in Abyss: Journey's Dawn,2019,film,robots
Psycho-Pass: Sinners of the System - Case.1 Crime and Punishment,2019,film,cyberpunk
Psycho-Pass: Sinners of the System - Case.1 Crime and Punishment,2019,film,dystopia
Made in Abyss: Wandering Twilight,2019,film,robots
Psycho-Pass: Sinners of the System - Case.2 First Guardian,2019,film,cyberpunk
Psycho-Pass: Sinners of the System - Case.2 First Guardian,2019,film,dystopia
Psycho-Pass: Sinners of the System - Case.3 On the Other Side of Love and Hate,2019,film,cyberpunk
Psycho-Pass: Sinners of the System - Case.3 On the Other Side of Love and Hate,2019,film,dystopia
Alien: Containment,2019,film,aliens
The Car: Road to Revenge,2019,film,apocalyptic
The Car: Road to Revenge,2019,film,cyberpunk
The Relative Worlds,2019,film,alternate_universe
See You Yesterday,2019,film,time_travel
Foxtrot Six,2019,film,dystopia
Foxtrot Six,2019,film,military
Alien Warfare,2019,film,aliens
Invasion: Planet Earth,2019,film,aliens
Alien: Specimen,2019,film,aliens
Tenet,2020,film,time_travel
Palm Springs,2020,film,time_travel
#Alive,2020,film,apocalyptic
Invasion,2020,film,aliens
Color Out of Space,2020,film,aliens
Bill & Ted Face the Music,2020,film,time_travel
Archive,2020,film,robots
Songbird,2020,film,apocalyptic
Possessor,2020,film,dystopia
The Midnight Sky,2020,film,apocalyptic
The Midnight Sky,2020,film,space_opera
LEGO Star Wars Holiday Special,2020,film,time_travel
Synchronic,2020,film,time_travel
Ben 10 vs. the Universe: The Movie,2020,film,aliens
Stand by Me Doraemon 2,2020,film,time_travel
Doraemon: Nobita's New Dinosaur,2020,film,time_travel
Superman: Man of Tomorrow,2020,film,aliens
Altered Carbon: Resleeved,2020,film,cyberpunk
Skylines,2020,film,aliens
Skylines,2020,film,apocalyptic
Skylines,2020,film,space_opera
Breach,2020,film,space_opera
Sputnik,2020,film,aliens
Sputnik,2020,film,space_opera
Superintelligence,2020,film,robots
Occupation: Rainfall,2020,film,aliens
2067,2020,film,time_travel
PG: Psycho Goreman,2020,film,aliens
Alien Xmas,2020,film,aliens
Robot Riot,2020,film,military
Robot Riot,2020,film,robots
Psycho-Pass 3: First Inspector,2020,film,cyberpunk
Psycho-Pass 3: First Inspector,2020,film,dystopia
Save Yourselves!,2020,film,aliens
Last and First Men,2020,film,dystopia
Crawlers,2020,film,aliens
LX 2048,2020,film,dystopia
Beyond the Infinite Two Minutes,2020,film,time_travel
Critters Attack!,2020,film,aliens
Only,2020,film,apocalyptic
Solitary,2020,film,space_opera
Jungle Beat: The Movie,2020,film,aliens
Black Holes: The Edge of All We Know,2020,film,space_opera
Blood Machines,2020,film,space_opera
Holiday on Mars,2020,film,time_travel
Bullets of Justice,2020,film,apocalyptic
Bullets of Justice,2020,film,military
The Trouble with Being Born,2020,film,dystopia
The Trouble with Being Born,2020,film,robots
Dune,2021,film,dystopia
Dune,2021,film,space_opera
Free Guy,2021,film,robots
Eternals,2021,film,aliens
Venom: Let There Be Carnage,2021,film,aliens
The Tomorrow War,2021,film,aliens
The Tomorrow War,2021,film,military
The Tomorrow War,2021,film,time_travel
Don't Look Up,2021,film,robots
A Quiet Place Part II,2021,film,aliens
A Quiet Place Part II,2021,film,apocalyptic
The Matrix Resurrections,2021,film,cyberpunk
The Matrix Resurrections,2021,film,dystopia
The Matrix Resurrections,2021,film,robots
Resident Evil: Welcome to Raccoon City,2021,film,apocalyptic
Resident Evil: Welcome to Raccoon City,2021,film,dystopia
Evangelion: 3.0+1.0 Thrice Upon a Time,2021,film,apocalyptic
Evangelion: 3.0+1.0 Thrice Upon a Time,2021,film,dystopia
Finch,2021,film,apocalyptic
Finch,2021,film,robots
Chaos Walking,2021,film,apocalyptic
Chaos Walking,2021,film,dystopia
The Seed,2021,film,aliens
The Colony,2021,film,apocalyptic
The Colony,2021,film,dystopia
The Colony,2021,film,space_opera
Mobile Suit Gundam Hathaway,2021,film,military
Zone 414,2021,film,cyberpunk
Zone 414,2021,film,robots
Outside the Wire,2021,film,robots
Space Sweepers,2021,film,robots
Space Sweepers,2021,film,space_opera
Stowaway,2021,film,space_opera
Voyagers,2021,film,space_opera
Cosmic Sin,2021,film,military
Mother/Android,2021,film,dystopia
Mother/Android,2021,film,robots
Justice Society: World War II,2021,film,time_travel
Settlers,2021,film,robots
I'm Your Man,2021,film,robots
Ghost in the Shell: SAC_2045 Sustainable War,2021,film,cyberpunk
Ghost in the Shell: SAC_2045 Sustainable War,2021,film,robots
Black Friday,2021,film,aliens
Black Friday,2021,film,apocalyptic
Multiverse,2021,film,alternate_universe
Sing a Bit of Harmony,2021,film,robots
Needle in a Timestack,2021,film,time_travel
War of the Worlds: Annihilation,2021,film,aliens
Captain Nova,2021,film,time_travel
In the Earth,2021,film,apocalyptic
Ben Gen 10,2021,film,aliens
The Alpha Test,2021,film,robots
The Door into Summer,2021,film,time_travel
Land of the Sons,2021,film,apocalyptic
Death Valley,2021,film,apocalyptic
Avatar: The Way of Water,2022,film,aliens
Prey,2022,film,aliens
Nope,2022,film,aliens
The Adam Project,2022,film,time_travel
Lightyear,2022,film,aliens
Lightyear,2022,film,space_opera
Lightyear,2022,film,time_travel
M3GAN,2022,film,robots
Moonfall,2022,film,aliens
Moonfall,2022,film,alternate_history
Moonfall,2022,film,space_opera
Shin Ultraman,2022,film,aliens
Alienoid,2022,film,aliens
Alienoid,2022,film,time_travel
Wifelike,2022,film,robots
Dragon Ball Super: Super Hero,2022,film,robots
"The Tunnel to Summer, the Exit of Goodbyes",2022,film,time_travel
Batman and Superman: Battle of the Super Sons,2022,film,aliens
Spiderhead,2022,film,dystopia
Crimes of the Future,2022,film,dystopia
Warriors of Future,2022,film,aliens
Project Gemini,2022,film,space_opera
After Yang,2022,film,robots
Rise of the Teenage Mutant Ninja Turtles: The Movie,2022,film,time_travel
Meet Cute,2022,film,time_travel
Press Play,2022,film,time_travel
Green Lantern: Beware My Power,2022,film,aliens
Dead Zone,2022,film,apocalyptic
Plan 75,2022,film,dystopia
Attack on Titan,2022,film,space_opera
Bigbug,2022,film,dystopia
Bigbug,2022,film,robots
Attack,2022,film,cyberpunk
Attack,2022,film,robots
"To Me, the One Who Loved You",2022,film,alternate_universe
"To Me, the One Who Loved You",2022,film,time_travel
The Visitor from the Future,2022,film,apocalyptic
The Visitor from the Future,2022,film,time_travel
Beavis and Butt-Head Do the Universe,2022,film,space_opera
Beavis and Butt-Head Do the Universe,2022,film,time_travel
Significant Other,2022,film,aliens
To Every You I've Loved Before,2022,film,alternate_universe
To Every You I've Loved Before,2022,film,time_travel
Brian and Charles,2022,film,robots
Blasted,2022,film,aliens
Junk Head,2022,film,apocalyptic
Junk Head,2022,film,dystopia
Junk Head,2022,film,robots
The Passenger,2022,film,aliens
After Blue (Dirty Paradise),2022,film,apocalyptic
Office Invasion,2022,film,aliens
Executive Order,2022,film,dystopia
Legend of the Galactic Heroes: Die Neue These - Intrigue 1,2022,film,military
Legend of the Galactic Heroes: Die Neue These - Intrigue 1,2022,film,space_opera
Spider-Man: Across the Spider-Verse,2023,film,alternate_universe
Guardians of the Galaxy Vol. 3,2023,film,space_opera
Transformers: Rise of the Beasts,2023,film,aliens
Transformers: Rise of the Beasts,2023,film,robots
The Flash,2023,film,alternate_universe
The Flash,2023,film,time_travel
The Creator,2023,film,cyberpunk
The Creator,2023,film,dystopia
The Creator,2023,film,robots
The Marvels,2023,film,space_opera
The Hunger Games: The Ballad of Songbirds & Snakes,2023,film,dystopia
The Wandering Earth II,2023,film,space_opera
Rebel Moon - Part One: A Child of Fire,2023,film,military
Rebel Moon - Part One: A Child of Fire,2023,film,space_opera
Robot Dreams,2023,film,robots
Justice League: Warworld,2023,film,aliens
Totally Killer,2023,film,time_travel
The Outwaters,2023,film,time_travel
Resident Evil: Death Island,2023,film,apocalyptic
57 Seconds,2023,film,time_travel
Spy Kids: Armageddon,2023,film,apocalyptic
Last Sentinel,2023,film,dystopia
Robots,2023,film,robots
War of the Worlds: The Attack,2023,film,military
Legion of Super-Heroes,2023,film,robots
Legion of Super-Heroes,2023,film,time_travel
Mars Express,2023,film,cyberpunk
Mars Express,2023,film,robots
The Moon,2023,film,space_opera
JUNG_E,2023,film,dystopia
JUNG_E,2023,film,robots
Simulant,2023,film,robots
The Kitchen,2023,film,dystopia
Landscape with Invisible Hand,2023,film,aliens
T.I.M.,2023,film,robots
South Park: Joining the Panderverse,2023,film,alternate_universe
South Park: Joining the Panderverse,2023,film,robots
Resurrected,2023,film,dystopia
The Artifice Girl,2023,film,robots
The Shift,2023,film,time_travel
New Life,2023,film,apocalyptic
LOLA,2023,film,dystopia
Aporia,2023,film,time_travel
Babylon 5: The Road Home,2023,film,space_opera
Biosphere,2023,film,apocalyptic
Space Wars: Quest for the Deepstar,2023,film,military
24 Hours with Gaspar,2023,film,dystopia
The Last Spark of Hope,2023,film,apocalyptic
Kids vs. Aliens,2023,film,aliens
Into the Abyss,2023,film,apocalyptic
The Wild Robot,2024,film,robots
Dune: Part Two,2024,film,space_opera
Alien: Romulus,2024,film,aliens
Venom: The Last Dance,2024,film,aliens
Furiosa: A Mad Max Saga,2024,film,apocalyptic
Subservience,2024,film,robots
Kingdom of the Planet of the Apes,2024,film,apocalyptic
Kingdom of the Planet of the Apes,2024,film,dystopia
A Quiet Place: Day One,2024,film,aliens
Wallace & Gromit: Vengeance Most Fowl,2024,film,robots
Watchmen: Chapter II,2024,film,alternate_history
Elevation,2024,film,aliens
Time Cut,2024,film,time_travel
Caddo Lake,2024,film,time_travel
Rebel Moon - Part Two: The Scargiver,2024,film,military
Rebel Moon - Part Two: The Scargiver,2024,film,space_opera
Atlas,2024,film,robots
Arcadian,2024,film,apocalyptic
Justice League: Crisis on Infinite Earths Part One,2024,film,alternate_universe
Megalopolis,2024,film,dystopia
Spaceman,2024,film,aliens
Spaceman,2024,film,space_opera
Die Alone,2024,film,apocalyptic
Justice League: Crisis on Infinite Earths Part Two,2024,film,alternate_universe
The Day the Earth Blew Up: A Looney Tunes Movie,2024,film,aliens
The Day the Earth Blew Up: A Looney Tunes Movie,2024,film,apocalyptic
Kalki 2898-AD,2024,film,dystopia
Uglies,2024,film,dystopia
Y2K,2024,film,robots
Justice League: Crisis on Infinite Earths Part Three,2024,film,alternate_universe
I.S.S.,2024,film,space_opera
The Beast,2024,film,robots
Afraid,2024,film,robots
Uranus 2324,2024,film,space_opera
Escape from the 21st Century,2024,film,time_travel
Humane,2024,film,dystopia
Levels,2024,film,cyberpunk
Levels,2024,film,robots
Watchmen: Chapter I,2024,film,alternate_history
Alienoid: Return to the Future,2024,film,aliens
Alienoid: Return to the Future,2024,film,time_travel
V/H/S/Beyond,2024,film,aliens
V/H/S/Beyond,2024,film,apocalyptic
Rich Flu,2024,film,dystopia
Bionic,2024,film,robots
Year 10,2024,film,apocalyptic
Things Will Be Different,2024,film,time_travel
Avatar: Fire and Ash,2025,film,aliens
Avatar: Fire and Ash,2025,film,military
Lilo & Stitch,2025,film,aliens
The Running Man,2025,film,dystopia
28 Years Later,2025,film,apocalyptic
Mickey 17,2025,film,space_opera
TRON: Ares,2025,film,robots
Companion,2025,film,robots
Bugonia,2025,film,aliens
M3GAN 2.0,2025,film,robots
The Electric State,2025,film,robots
Worldbreaker,2025,film,dystopia
Elio,2025,film,aliens
Osiris,2025,film,space_opera
Afterburn,2025,film,apocalyptic
Arco,2025,film,time_travel
Scarlet,2025,film,time_travel
Dog 51,2025,film,robots
The Assessment,2025,film,dystopia
O'Dessa,2025,film,apocalyptic
U Are the Universe,2025,film,robots
U Are the Universe,2025,film,space_opera
Night of the Zoopocalypse,2025,film,apocalyptic
Space/Time,2025,film,dystopia
Space/Time,2025,film,space_opera
Ash,2025,film,space_opera
The Shrouds,2025,film,robots
Xeno,2025,film,aliens
Love Me,2025,film,apocalyptic
Love Me,2025,film,robots
The Blue Trail,2025,film,dystopia
Ick,2025,film,aliens
The Residence,2025,film,robots
Our Times,2025,film,time_travel
Cycle of Time,2025,film,time_travel
The Twilight Zone,1959,tv,aliens
The Twilight Zone,1959,tv,robots
The Twilight Zone,1959,tv,space_opera
The Twilight Zone,1959,tv,time_travel
Doctor Who,1963,tv,aliens
Doctor Who,1963,tv,alternate_universe
Doctor Who,1963,tv,space_opera
Doctor Who,1963,tv,time_travel
The Outer Limits,1963,tv,aliens
The Outer Limits,1963,tv,dystopia
Bewitched,1964,tv,time_travel
I Dream of Jeannie,1965,tv,time_travel
Lost in Space,1965,tv,space_opera
Star Trek,1966,tv,aliens
Star Trek,1966,tv,space_opera
Ultraman,1966,tv,aliens
The Invaders,1967,tv,aliens
Ultraseven,1967,tv,aliens
UFO,1970,tv,aliens
UFO,1970,tv,military
UFO,1970,tv,space_opera
Kamen Rider,1971,tv,robots
World on a Wire,1973,tv,cyberpunk
World on a Wire,1973,tv,dystopia
Planet of the Apes,1974,tv,apocalyptic
Planet of the Apes,1974,tv,time_travel
Land of the Lost,1974,tv,alternate_universe
Space: 1999,1975,tv,space_opera
Blake's 7,1978,tv,space_opera
Battlestar Galactica,1978,tv,space_opera
Mork & Mindy,1978,tv,aliens
Buck Rogers in the 25th Century,1979,tv,aliens
Buck Rogers in the 25th Century,1979,tv,robots
Buck Rogers in the 25th Century,1979,tv,space_opera
Buck Rogers in the 25th Century,1979,tv,time_travel
Voyagers!,1982,tv,alternate_history
Voyagers!,1982,tv,time_travel
V,1983,tv,aliens
V,1983,tv,space_opera
Airwolf,1984,tv,military
V,1984,tv,aliens
V: The Final Battle,1984,tv,aliens
Amazing Stories,1985,tv,time_travel
ALF,1986,tv,aliens
Star Trek: The Next Generation,1987,tv,aliens
Star Trek: The Next Generation,1987,tv,robots
Star Trek: The Next Generation,1987,tv,space_opera
Captain Power and the Soldiers of the Future,1987,tv,robots
Red Dwarf,1988,tv,aliens
Red Dwarf,1988,tv,space_opera
Quantum Leap,1989,tv,time_travel
Mystery Science Theater 3000,1989,tv,robots
Mystery Science Theater 3000,1989,tv,space_opera
Alien Nation,1989,tv,aliens
Mobile Cop Jiban,1989,tv,robots
The X-Files,1993,tv,aliens
Star Trek: Deep Space Nine,1993,tv,aliens
Star Trek: Deep Space Nine,1993,tv,space_opera
Goodnight Sweetheart,1993,tv,time_travel
The Tommyknockers,1993,tv,aliens
Babylon 5,1994,tv,military
Babylon 5,1994,tv,space_opera
Babylon 5,1994,tv,time_travel
The Stand,1994,tv,apocalyptic
Earth 2,1994,tv,apocalyptic
Earth 2,1994,tv,space_opera
RoboCop: The Series,1994,tv,cyberpunk
RoboCop: The Series,1994,tv,dystopia
RoboCop: The Series,1994,tv,robots
Star Trek: Voyager,1995,tv,aliens
Star Trek: Voyager,1995,tv,space_opera
Sliders,1995,tv,aliens
Sliders,1995,tv,alternate_history
Sliders,1995,tv,alternate_universe
The Outer Limits,1995,tv,time_travel
Space: Above and Beyond,1995,tv,military
The Langoliers,1995,tv,alternate_universe
The Langoliers,1995,tv,time_travel
3rd Rock from the Sun,1996,tv,aliens
Dark Skies,1996,tv,aliens
Dark Skies,1996,tv,alternate_history
Stargate SG-1,1997,tv,aliens
Stargate SG-1,1997,tv,military
Stargate SG-1,1997,tv,space_opera
Earth: Final Conflict,1997,tv,aliens
Lexx,1997,tv,aliens
Lexx,1997,tv,alternate_universe
Lexx,1997,tv,robots
Lexx,1997,tv,space_opera
First Wave,1998,tv,aliens
Seven Days,1998,tv,alternate_history
Seven Days,1998,tv,time_travel
Farscape,1999,tv,aliens
Farscape,1999,tv,space_opera
Roswell,1999,tv,aliens
Crusade,1999,tv,aliens
Crusade,1999,tv,space_opera
Andromeda,2000,tv,aliens
Andromeda,2000,tv,military
Andromeda,2000,tv,robots
Andromeda,2000,tv,space_opera
Frank Herbert's Dune,2000,tv,space_opera
Smallville,2001,tv,aliens
Star Trek: Enterprise,2001,tv,aliens
Star Trek: Enterprise,2001,tv,space_opera
Robocop: Prime Directives,2001,tv,robots
Firefly,2002,tv,space_opera
The Dead Zone,2002,tv,time_travel
Taken,2002,tv,aliens
Jeremiah,2002,tv,apocalyptic
Frank Herbert's Children of Dune,2003,tv,space_opera
Stargate Atlantis,2004,tv,aliens
Stargate Atlantis,2004,tv,space_opera
Battlestar Galactica,2004,tv,robots
Battlestar Galactica,2004,tv,space_opera
The 4400,2004,tv,time_travel
ReGenesis,2004,tv,apocalyptic
Phil of the Future,2004,tv,time_travel
Doctor Who,2005,tv,aliens
Doctor Who,2005,tv,time_travel
Invasion,2005,tv,aliens
Threshold,2005,tv,aliens
Torchwood,2006,tv,aliens
Torchwood,2006,tv,time_travel
Life on Mars,2006,tv,time_travel
The Sarah Jane Adventures,2007,tv,aliens
The Sarah Jane Adventures,2007,tv,time_travel
Tin Man,2007,tv,steampunk
Journeyman,2007,tv,time_travel
Bionic Woman,2007,tv,robots
Terminator: The Sarah Connor Chronicles,2008,tv,robots
Terminator: The Sarah Connor Chronicles,2008,tv,time_travel
Life on Mars,2008,tv,time_travel
Ashes to Ashes,2008,tv,time_travel
Dead Set,2008,tv,apocalyptic
Survivors,2008,tv,apocalyptic
Lost in Austen,2008,tv,time_travel
Warehouse 13,2009,tv,steampunk
Stargate Universe,2009,tv,aliens
Stargate Universe,2009,tv,space_opera
Dollhouse,2009,tv,cyberpunk
Dollhouse,2009,tv,dystopia
V,2009,tv,aliens
Being Erica,2009,tv,time_travel
Kamen Rider: Dragon Knight,2009,tv,aliens
Defying Gravity,2009,tv,space_opera
The Walking Dead,2010,tv,apocalyptic
Caprica,2010,tv,robots
Caprica,2010,tv,space_opera
The Event,2010,tv,aliens
Going Postal,2010,tv,steampunk
Person of Interest,2011,tv,robots
American Horror Story,2011,tv,apocalyptic
Black Mirror,2011,tv,dystopia
Falling Skies,2011,tv,aliens
Falling Skies,2011,tv,apocalyptic
Terra Nova,2011,tv,alternate_universe
Terra Nova,2011,tv,time_travel
Death Valley,2011,tv,apocalyptic
Outcasts,2011,tv,apocalyptic
Outcasts,2011,tv,space_opera
Continuum,2012,tv,time_travel
Revolution,2012,tv,apocalyptic
Real Humans,2012,tv,robots
Halo 4: Forward Unto Dawn,2012,tv,aliens
Rooftop Prince,2012,tv,time_travel
Battlestar Galactica: Blood & Chrome,2012,tv,aliens
Battlestar Galactica: Blood & Chrome,2012,tv,robots
Battlestar Galactica: Blood & Chrome,2012,tv,space_opera
Dirk Gently,2012,tv,time_travel
Defiance,2013,tv,aliens
Defiance,2013,tv,apocalyptic
Nowhere Boys,2013,tv,alternate_universe
Almost Human,2013,tv,robots
Zombieland,2013,tv,apocalyptic
The Last Ship,2014,tv,apocalyptic
The Last Ship,2014,tv,military
Outlander,2014,tv,time_travel
The 100,2014,tv,apocalyptic
The 100,2014,tv,space_opera
The Strain,2014,tv,apocalyptic
Extant,2014,tv,aliens
Extant,2014,tv,robots
Helix,2014,tv,apocalyptic
Star-Crossed,2014,tv,aliens
Ascension,2014,tv,space_opera
Chornobyl: Exclusion Zone,2014,tv,time_travel
The After,2014,tv,apocalyptic
Supergirl,2015,tv,aliens
The Expanse,2015,tv,space_opera
The Man in the High Castle,2015,tv,alternate_history
The Man in the High Castle,2015,tv,dystopia
12 Monkeys,2015,tv,apocalyptic
12 Monkeys,2015,tv,time_travel
iZombie,2015,tv,apocalyptic
Dark Matter,2015,tv,robots
Dark Matter,2015,tv,space_opera
Humans,2015,tv,robots
Killjoys,2015,tv,space_opera
Into the Badlands,2015,tv,apocalyptic
Childhood's End,2015,tv,aliens
Best Friends Whenever,2015,tv,time_travel
Between,2015,tv,apocalyptic
Splash Splash Love,2015,tv,time_travel
The Whispers,2015,tv,aliens
Jonathan Strange & Mr Norrell,2015,tv,alternate_history
Other Space,2015,tv,space_opera
Stranger Things,2016,tv,alternate_universe
Westworld,2016,tv,robots
DC's Legends of Tomorrow,2016,tv,time_travel
Travelers,2016,tv,time_travel
Van Helsing,2016,tv,apocalyptic
Timeless,2016,tv,time_travel
Colony,2016,tv,dystopia
11.22.63,2016,tv,alternate_history
11.22.63,2016,tv,time_travel
Incorporated,2016,tv,cyberpunk
Scarlet Heart: Ryeo,2016,tv,time_travel
MECH-X4,2016,tv,robots
Frequency,2016,tv,time_travel
Mars,2016,tv,space_opera
BrainDead,2016,tv,aliens
Aftermath,2016,tv,apocalyptic
Class,2016,tv,aliens
Class,2016,tv,time_travel
Cleverman,2016,tv,dystopia
Hunters,2016,tv,aliens
The Handmaid's Tale,2017,tv,dystopia
Dark,2017,tv,time_travel
Star Trek: Discovery,2017,tv,aliens
Star Trek: Discovery,2017,tv,dystopia
Star Trek: Discovery,2017,tv,military
Star Trek: Discovery,2017,tv,robots
Star Trek: Discovery,2017,tv,space_opera
Future Man,2017,tv,dystopia
Future Man,2017,tv,time_travel
Counterpart,2017,tv,alternate_universe
Philip K. Dick's Electric Dreams,2017,tv,cyberpunk
Missions,2017,tv,space_opera
SS-GB,2017,tv,alternate_history
Time After Time,2017,tv,time_travel
Oasis,2017,tv,apocalyptic
Oasis,2017,tv,dystopia
Extinct,2017,tv,aliens
Manifest,2018,tv,time_travel
Altered Carbon,2018,tv,cyberpunk
Lost in Space,2018,tv,robots
Lost in Space,2018,tv,space_opera
Find Me in Paris,2018,tv,time_travel
The Rain,2018,tv,apocalyptic
Stargate Origins,2018,tv,space_opera
Better Than Us,2018,tv,robots
Are You Human?,2018,tv,robots
Star Trek: Short Treks,2018,tv,robots
Star Trek: Short Treks,2018,tv,space_opera
James Cameron's Story of Science Fiction,2018,tv,aliens
James Cameron's Story of Science Fiction,2018,tv,robots
James Cameron's Story of Science Fiction,2018,tv,space_opera
James Cameron's Story of Science Fiction,2018,tv,time_travel
The Crossing,2018,tv,time_travel
Familiar Wife,2018,tv,time_travel
The First,2018,tv,aliens
The First,2018,tv,space_opera
Strange Angel,2018,tv,military
Kiss Me First,2018,tv,dystopia
The Mandalorian,2019,tv,space_opera
For All Mankind,2019,tv,alternate_history
For All Mankind,2019,tv,dystopia
For All Mankind,2019,tv,military
See,2019,tv,apocalyptic
The Umbrella Academy,2019,tv,alternate_history
The Umbrella Academy,2019,tv,time_travel
His Dark Materials,2019,tv,alternate_universe
War of the Worlds,2019,tv,aliens
War of the Worlds,2019,tv,apocalyptic
Carnival Row,2019,tv,alternate_universe
Carnival Row,2019,tv,steampunk
Black Summer,2019,tv,apocalyptic
"Roswell, New Mexico",2019,tv,aliens
Another Life,2019,tv,aliens
Another Life,2019,tv,military
Another Life,2019,tv,space_opera
Years and Years,2019,tv,dystopia
Beforeigners,2019,tv,time_travel
The War of the Worlds,2019,tv,aliens
The Passage,2019,tv,apocalyptic
The Passage,2019,tv,dystopia
The I-Land,2019,tv,cyberpunk
Daybreak,2019,tv,apocalyptic
Always a Witch,2019,tv,time_travel
Someday or One Day,2019,tv,time_travel
Twice Upon a Time,2019,tv,time_travel
Osmosis,2019,tv,robots
Star Trek: Picard,2020,tv,dystopia
Star Trek: Picard,2020,tv,military
Star Trek: Picard,2020,tv,space_opera
Snowpiercer,2020,tv,apocalyptic
Snowpiercer,2020,tv,dystopia
Raised by Wolves,2020,tv,apocalyptic
Raised by Wolves,2020,tv,robots
The King: Eternal Monarch,2020,tv,alternate_universe
The King: Eternal Monarch,2020,tv,time_travel
The Walking Dead: World Beyond,2020,tv,apocalyptic
Mr. Queen,2020,tv,time_travel
The Stand,2020,tv,apocalyptic
Avenue 5,2020,tv,space_opera
Brave New World,2020,tv,dystopia
NEXT,2020,tv,robots
Away,2020,tv,space_opera
My Holo Love,2020,tv,robots
The Plot Against America,2020,tv,alternate_history
Rugal,2020,tv,apocalyptic
Rugal,2020,tv,robots
The Barrier,2020,tv,apocalyptic
The Barrier,2020,tv,dystopia
Reality Z,2020,tv,apocalyptic
Code 404,2020,tv,robots
Utopia Falls,2020,tv,dystopia
Loki,2021,tv,time_travel
Foundation,2021,tv,space_opera
Resident Alien,2021,tv,aliens
Superman & Lois,2021,tv,aliens
WandaVision,2021,tv,robots
Invasion,2021,tv,aliens
Invasion,2021,tv,space_opera
La Brea,2021,tv,time_travel
Sweet Tooth,2021,tv,apocalyptic
Happiness,2021,tv,apocalyptic
Disney Intertwined,2021,tv,time_travel
The Silent Sea,2021,tv,space_opera
S.O.Z: Soldiers or Zombies,2021,tv,apocalyptic
Solos,2021,tv,dystopia
Sisyphus,2021,tv,dystopia
Sisyphus,2021,tv,time_travel
Tribes of Europa,2021,tv,dystopia
Day of the Dead,2021,tv,apocalyptic
4400,2021,tv,time_travel
"Hello, Me!",2021,tv,time_travel
Star Trek: Strange New Worlds,2022,tv,aliens
Star Trek: Strange New Worlds,2022,tv,space_opera
Andor,2022,tv,military
Andor,2022,tv,space_opera
Halo,2022,tv,aliens
Halo,2022,tv,military
Halo,2022,tv,space_opera
All of Us Are Dead,2022,tv,apocalyptic
Obi-Wan Kenobi,2022,tv,space_opera
The Peripheral,2022,tv,cyberpunk
The Peripheral,2022,tv,robots
Quantum Leap,2022,tv,robots
Quantum Leap,2022,tv,time_travel
Outer Range,2022,tv,alternate_universe
Outer Range,2022,tv,time_travel
Resident Evil,2022,tv,apocalyptic
The Time Traveler's Wife,2022,tv,time_travel
The Midwich Cuckoos,2022,tv,aliens
The Man Who Fell to Earth,2022,tv,aliens
The Lazarus Project,2022,tv,time_travel
Naomi,2022,tv,aliens
Tales of the Walking Dead,2022,tv,apocalyptic
Reset,2022,tv,time_travel
Kamen Rider Black Sun,2022,tv,robots
Paper Girls,2022,tv,time_travel
Grid,2022,tv,time_travel
DMZ,2022,tv,apocalyptic
DMZ,2022,tv,dystopia
Yakamoz S-245,2022,tv,apocalyptic
Chosen,2022,tv,aliens
Silo,2023,tv,apocalyptic
Silo,2023,tv,dystopia
The Walking Dead: Dead City,2023,tv,apocalyptic
The Ark,2023,tv,space_opera
The Walking Dead: Daryl Dixon,2023,tv,apocalyptic
Secret Invasion,2023,tv,aliens
Ahsoka,2023,tv,space_opera
Twinkling Watermelon,2023,tv,time_travel
Bodies,2023,tv,cyberpunk
Bodies,2023,tv,time_travel
Duty After School,2023,tv,aliens
Duty After School,2023,tv,military
Rebooting,2023,tv,time_travel
Tale of the Nine Tailed 1938,2023,tv,time_travel
Class of '09,2023,tv,robots
Mrs. Davis,2023,tv,robots
Beacon 23,2023,tv,robots
Black Knight,2023,tv,apocalyptic
Black Knight,2023,tv,dystopia
A Girl and an Astronaut,2023,tv,space_opera
Vortex,2023,tv,time_travel
Fallout,2024,tv,alternate_history
Fallout,2024,tv,apocalyptic
Fallout,2024,tv,robots
Doctor Who,2024,tv,aliens
Doctor Who,2024,tv,space_opera
Doctor Who,2024,tv,time_travel
3 Body Problem,2024,tv,aliens
The Walking Dead: The Ones Who Live,2024,tv,military
Lovely Runner,2024,tv,time_travel
Marry My Husband,2024,tv,time_travel
Time Bandits,2024,tv,time_travel
Nautilus,2024,tv,steampunk
Parasyte: The Grey,2024,tv,aliens
Teacup,2024,tv,aliens
My Lady Jane,2024,tv,alternate_history
The Atypical Family,2024,tv,time_travel
The Signal,2024,tv,space_opera
Pluribus,2025,tv,apocalyptic
Pluribus,2025,tv,dystopia
The Librarians: The Next Chapter,2025,tv,time_travel
The Eternaut,2025,tv,aliens
Murderbot,2025,tv,robots
The War Between the Land and the Sea,2025,tv,aliens
"Bon Appétit, Your Majesty",2025,tv,time_travel
Billionaires' Bunker,2025,tv,dystopia
Newtopia,2025,tv,apocalyptic
Newtopia,2025,tv,military
Goosebumps: The Vanishing,2025,tv,aliens
Cassandra,2025,tv,robots
