Year_published,theme,book_count
1950,aliens,1
1950,alternate_universe,2
1950,apocalyptic,1
1950,cyberpunk,1
1950,dystopia,2
1950,hard,5
1950,robots,4
1950,space_opera,5
1950,time_travel,2
1951,aliens,2
1951,alternate_universe,1
1951,apocalyptic,2
1951,cyberpunk,1
1951,dystopia,3
1951,hard,7
1951,robots,2
1951,space_opera,3
1951,time_travel,1
1952,alternate_history,1
1952,alternate_universe,1
1952,cyberpunk,2
1952,dystopia,2
1952,hard,5
1952,robots,6
1952,space_opera,3
1952,time_travel,2
1953,aliens,1
1953,alternate_history,2
1953,alternate_universe,2
1953,apocalyptic,3
1953,cyberpunk,3
1953,dystopia,2
1953,hard,5
1953,robots,6
1953,space_opera,4
1953,time_travel,1
1954,alternate_universe,4
1954,apocalyptic,3
1954,cyberpunk,1
1954,dystopia,3
1954,hard,4
1954,robots,1
1954,space_opera,1
1954,time_travel,1
1955,aliens,1
1955,alternate_history,1
1955,alternate_universe,3
1955,apocalyptic,2
1955,cyberpunk,1
1955,dystopia,1
1955,hard,7
1955,space_opera,1
1955,time_travel,3
1956,alternate_universe,2
1956,apocalyptic,2
1956,cyberpunk,1
1956,dystopia,3
1956,hard,3
1956,robots,2
1956,space_opera,1
1957,aliens,1
1957,alternate_history,2
1957,apocalyptic,1
1957,dystopia,2
1957,hard,3
1957,robots,1
1957,space_opera,1
1957,time_travel,1
1958,aliens,1
1958,apocalyptic,1
1958,dystopia,2
1958,hard,4
1958,space_opera,1
1958,time_travel,4
1959,aliens,2
1959,alternate_history,2
1959,apocalyptic,3
1959,cyberpunk,1
1959,dystopia,4
1959,hard,5
1959,military,1
1959,robots,2
1959,space_opera,1
1959,time_travel,3
1960,alternate_history,1
1960,cyberpunk,1
1960,hard,3
1960,military,1
1960,space_opera,3
1960,time_travel,1
1961,aliens,2
1961,alternate_history,1
1961,alternate_universe,1
1961,apocalyptic,1
1961,cyberpunk,1
1961,dystopia,3
1961,hard,5
1961,military,1
1961,robots,1
1961,space_opera,2
1962,aliens,2
1962,alternate_history,2
1962,alternate_universe,3
1962,apocalyptic,5
1962,cyberpunk,2
1962,dystopia,6
1962,hard,4
1962,space_opera,3
1962,time_travel,1
1963,aliens,2
1963,apocalyptic,2
1963,dystopia,3
1963,hard,5
1963,space_opera,1
1963,time_travel,3
1964,alternate_history,1
1964,apocalyptic,4
1964,cyberpunk,2
1964,dystopia,1
1964,hard,10
1964,military,1
1964,robots,3
1964,space_opera,1
1964,time_travel,2
1965,aliens,1
1965,alternate_history,2
1965,apocalyptic,3
1965,cyberpunk,4
1965,dystopia,2
1965,hard,6
1965,military,2
1965,robots,3
1965,space_opera,3
1965,time_travel,2
1966,aliens,1
1966,alternate_history,4
1966,apocalyptic,2
1966,cyberpunk,3
1966,dystopia,2
1966,hard,8
1966,military,1
1966,robots,3
1966,space_opera,6
1966,time_travel,1
1967,aliens,2
1967,alternate_history,1
1967,alternate_universe,1
1967,apocalyptic,3
1967,cyberpunk,1
1967,dystopia,6
1967,hard,6
1967,military,1
1967,robots,4
1967,space_opera,1
1967,time_travel,2
1968,aliens,3
1968,alternate_history,2
1968,alternate_universe,1
1968,apocalyptic,3
1968,cyberpunk,6
1968,dystopia,4
1968,hard,7
1968,robots,3
1968,space_opera,2
1968,steampunk,1
1968,time_travel,2
1969,aliens,3
1969,alternate_history,2
1969,apocalyptic,1
1969,cyberpunk,2
1969,dystopia,3
1969,hard,13
1969,robots,1
1969,space_opera,3
1969,time_travel,6
1970,aliens,1
1970,alternate_universe,2
1970,dystopia,1
1970,hard,7
1970,robots,1
1970,space_opera,3
1970,time_travel,3
1971,aliens,1
1971,alternate_history,6
1971,apocalyptic,1
1971,cyberpunk,1
1971,dystopia,2
1971,hard,8
1971,space_opera,1
1971,steampunk,2
1972,aliens,3
1972,alternate_history,2
1972,apocalyptic,3
1972,cyberpunk,2
1972,dystopia,4
1972,hard,7
1972,military,1
1972,robots,4
1972,space_opera,2
1972,steampunk,1
1972,time_travel,3
1973,aliens,1
1973,alternate_history,2
1973,alternate_universe,2
1973,cyberpunk,2
1973,dystopia,1
1973,hard,11
1973,military,1
1973,robots,2
1973,space_opera,3
1973,steampunk,1
1973,time_travel,5
1974,aliens,3
1974,alternate_history,2
1974,apocalyptic,1
1974,cyberpunk,4
1974,dystopia,6
1974,hard,5
1974,military,2
1974,robots,2
1974,space_opera,4
1974,steampunk,2
1974,time_travel,1
1975,alternate_history,1
1975,alternate_universe,1
1975,apocalyptic,3
1975,cyberpunk,5
1975,dystopia,3
1975,hard,6
1975,robots,1
1975,space_opera,1
1975,time_travel,1
1976,aliens,1
1976,alternate_history,3
1976,apocalyptic,2
1976,cyberpunk,1
1976,dystopia,2
1976,hard,10
1976,military,2
1976,robots,5
1976,space_opera,4
1976,time_travel,2
1977,aliens,1
1977,alternate_history,1
1977,alternate_universe,4
1977,apocalyptic,2
1977,cyberpunk,5
1977,dystopia,2
1977,hard,11
1977,military,1
1977,robots,2
1977,space_opera,6
1977,time_travel,2
1978,alternate_history,4
1978,alternate_universe,4
1978,apocalyptic,2
1978,dystopia,1
1978,hard,5
1978,military,1
1978,robots,1
1978,space_opera,4
1978,time_travel,3
1979,aliens,3
1979,alternate_history,5
1979,alternate_universe,2
1979,apocalyptic,3
1979,cyberpunk,2
1979,dystopia,2
1979,hard,15
1979,military,3
1979,robots,3
1979,space_opera,4
1979,steampunk,1
1979,time_travel,7
1980,aliens,2
1980,alternate_history,5
1980,alternate_universe,1
1980,apocalyptic,4
1980,cyberpunk,3
1980,dystopia,2
1980,hard,15
1980,military,1
1980,robots,7
1980,space_opera,5
1980,time_travel,5
1981,aliens,2
1981,alternate_history,4
1981,alternate_universe,1
1981,apocalyptic,1
1981,cyberpunk,7
1981,hard,10
1981,military,1
1981,robots,7
1981,space_opera,3
1981,steampunk,1
1981,time_travel,2
1982,aliens,1
1982,alternate_history,4
1982,alternate_universe,5
1982,apocalyptic,5
1982,cyberpunk,7
1982,dystopia,3
1982,hard,6
1982,military,3
1982,robots,8
1982,space_opera,7
1982,time_travel,5
1983,aliens,1
1983,alternate_history,7
1983,alternate_universe,3
1983,apocalyptic,3
1983,cyberpunk,4
1983,hard,9
1983,military,3
1983,robots,6
1983,space_opera,6
1983,steampunk,2
1983,time_travel,4
1984,aliens,1
1984,alternate_history,5
1984,alternate_universe,3
1984,apocalyptic,6
1984,cyberpunk,14
1984,dystopia,3
1984,hard,12
1984,military,6
1984,robots,4
1984,space_opera,7
1984,steampunk,2
1984,time_travel,4
1985,aliens,3
1985,alternate_history,5
1985,alternate_universe,3
1985,apocalyptic,10
1985,cyberpunk,11
1985,dystopia,4
1985,hard,17
1985,military,6
1985,robots,6
1985,space_opera,9
1985,steampunk,1
1985,time_travel,6
1986,aliens,3
1986,alternate_history,8
1986,alternate_universe,6
1986,apocalyptic,3
1986,cyberpunk,8
1986,dystopia,3
1986,hard,20
1986,military,12
1986,robots,4
1986,space_opera,11
1986,steampunk,4
1986,time_travel,6
1987,aliens,8
1987,alternate_history,12
1987,alternate_universe,5
1987,apocalyptic,9
1987,cyberpunk,14
1987,dystopia,8
1987,hard,26
1987,military,7
1987,robots,14
1987,space_opera,8
1987,time_travel,8
1988,aliens,2
1988,alternate_history,14
1988,alternate_universe,6
1988,apocalyptic,2
1988,cyberpunk,16
1988,dystopia,2
1988,hard,8
1988,military,6
1988,robots,9
1988,space_opera,10
1988,steampunk,1
1988,time_travel,5
1989,aliens,5
1989,alternate_history,12
1989,alternate_universe,2
1989,apocalyptic,3
1989,cyberpunk,17
1989,hard,14
1989,military,10
1989,robots,10
1989,space_opera,10
1989,steampunk,1
1989,time_travel,9
1990,aliens,3
1990,alternate_history,9
1990,alternate_universe,7
1990,apocalyptic,4
1990,cyberpunk,22
1990,dystopia,2
1990,hard,16
1990,military,10
1990,robots,14
1990,space_opera,15
1990,steampunk,1
1990,time_travel,2
1991,aliens,2
1991,alternate_history,5
1991,alternate_universe,3
1991,apocalyptic,1
1991,cyberpunk,17
1991,dystopia,5
1991,hard,12
1991,military,9
1991,robots,6
1991,space_opera,13
1991,time_travel,9
1992,aliens,4
1992,alternate_history,11
1992,alternate_universe,7
1992,apocalyptic,2
1992,cyberpunk,31
1992,dystopia,3
1992,hard,16
1992,military,8
1992,robots,6
1992,space_opera,16
1992,steampunk,3
1992,time_travel,13
1993,aliens,4
1993,alternate_history,9
1993,alternate_universe,4
1993,apocalyptic,3
1993,cyberpunk,20
1993,dystopia,3
1993,hard,13
1993,military,13
1993,robots,9
1993,space_opera,13
1993,steampunk,4
1993,time_travel,8
1994,aliens,4
1994,alternate_history,6
1994,alternate_universe,5
1994,apocalyptic,2
1994,cyberpunk,30
1994,dystopia,2
1994,hard,16
1994,military,11
1994,robots,5
1994,space_opera,20
1994,steampunk,1
1994,time_travel,6
1995,aliens,5
1995,alternate_history,11
1995,alternate_universe,8
1995,apocalyptic,4
1995,cyberpunk,29
1995,dystopia,8
1995,hard,18
1995,military,11
1995,robots,10
1995,space_opera,15
1995,steampunk,5
1995,time_travel,13
1996,aliens,11
1996,alternate_history,17
1996,alternate_universe,6
1996,apocalyptic,4
1996,cyberpunk,24
1996,dystopia,5
1996,hard,28
1996,military,15
1996,robots,7
1996,space_opera,30
1996,steampunk,2
1996,time_travel,21
1997,aliens,13
1997,alternate_history,12
1997,alternate_universe,8
1997,apocalyptic,5
1997,cyberpunk,19
1997,dystopia,4
1997,hard,19
1997,military,10
1997,robots,9
1997,space_opera,21
1997,steampunk,2
1997,time_travel,19
1998,aliens,18
1998,alternate_history,23
1998,alternate_universe,9
1998,apocalyptic,10
1998,cyberpunk,25
1998,dystopia,5
1998,hard,14
1998,military,13
1998,robots,9
1998,space_opera,17
1998,steampunk,5
1998,time_travel,21
1999,aliens,18
1999,alternate_history,20
1999,alternate_universe,6
1999,apocalyptic,6
1999,cyberpunk,26
1999,dystopia,5
1999,hard,24
1999,military,18
1999,robots,10
1999,space_opera,18
1999,steampunk,4
1999,time_travel,19
2000,aliens,13
2000,alternate_history,24
2000,alternate_universe,13
2000,apocalyptic,5
2000,cyberpunk,21
2000,dystopia,8
2000,hard,28
2000,military,17
2000,robots,20
2000,space_opera,24
2000,steampunk,10
2000,time_travel,18
2001,aliens,9
2001,alternate_history,24
2001,alternate_universe,14
2001,apocalyptic,6
2001,cyberpunk,28
2001,dystopia,6
2001,hard,22
2001,military,23
2001,robots,15
2001,space_opera,17
2001,steampunk,12
2001,time_travel,21
2002,aliens,11
2002,alternate_history,28
2002,alternate_universe,13
2002,apocalyptic,5
2002,cyberpunk,35
2002,dystopia,7
2002,hard,26
2002,military,24
2002,robots,31
2002,space_opera,32
2002,steampunk,10
2002,time_travel,18
2003,aliens,3
2003,alternate_history,39
2003,alternate_universe,32
2003,apocalyptic,10
2003,cyberpunk,32
2003,dystopia,9
2003,hard,22
2003,military,26
2003,robots,25
2003,space_opera,25
2003,steampunk,15
2003,time_travel,18
2004,aliens,21
2004,alternate_history,37
2004,alternate_universe,25
2004,apocalyptic,20
2004,cyberpunk,32
2004,dystopia,18
2004,hard,22
2004,military,23
2004,robots,27
2004,space_opera,22
2004,steampunk,13
2004,time_travel,22
2005,aliens,14
2005,alternate_history,27
2005,alternate_universe,28
2005,apocalyptic,16
2005,cyberpunk,24
2005,dystopia,13
2005,hard,26
2005,military,27
2005,robots,25
2005,space_opera,26
2005,steampunk,10
2005,time_travel,21
2006,aliens,15
2006,alternate_history,35
2006,alternate_universe,33
2006,apocalyptic,24
2006,cyberpunk,33
2006,dystopia,21
2006,hard,21
2006,military,34
2006,robots,21
2006,space_opera,32
2006,steampunk,26
2006,time_travel,34
2007,aliens,20
2007,alternate_history,37
2007,alternate_universe,38
2007,apocalyptic,24
2007,cyberpunk,28
2007,dystopia,18
2007,hard,20
2007,military,38
2007,robots,34
2007,space_opera,32
2007,steampunk,23
2007,time_travel,30
2008,aliens,21
2008,alternate_history,42
2008,alternate_universe,43
2008,apocalyptic,33
2008,cyberpunk,26
2008,dystopia,33
2008,hard,26
2008,military,48
2008,robots,28
2008,space_opera,42
2008,steampunk,37
2008,time_travel,34
2009,aliens,28
2009,alternate_history,44
2009,alternate_universe,45
2009,apocalyptic,35
2009,cyberpunk,29
2009,dystopia,37
2009,hard,23
2009,military,34
2009,robots,42
2009,space_opera,26
2009,steampunk,56
2009,time_travel,43
2010,aliens,36
2010,alternate_history,52
2010,alternate_universe,62
2010,apocalyptic,70
2010,cyberpunk,37
2010,dystopia,45
2010,hard,25
2010,military,34
2010,robots,37
2010,space_opera,33
2010,steampunk,87
2010,time_travel,48
2011,aliens,63
2011,alternate_history,66
2011,alternate_universe,87
2011,apocalyptic,103
2011,cyberpunk,46
2011,dystopia,92
2011,hard,45
2011,military,59
2011,robots,50
2011,space_opera,41
2011,steampunk,128
2011,time_travel,95
2012,aliens,75
2012,alternate_history,78
2012,alternate_universe,85
2012,apocalyptic,166
2012,cyberpunk,47
2012,dystopia,161
2012,hard,50
2012,military,65
2012,robots,52
2012,space_opera,53
2012,steampunk,146
2012,time_travel,101
2013,aliens,100
2013,alternate_history,80
2013,alternate_universe,78
2013,apocalyptic,174
2013,cyberpunk,68
2013,dystopia,158
2013,hard,51
2013,military,82
2013,robots,63
2013,space_opera,66
2013,steampunk,163
2013,time_travel,104
2014,aliens,105
2014,alternate_history,64
2014,alternate_universe,77
2014,apocalyptic,127
2014,cyberpunk,52
2014,dystopia,134
2014,hard,43
2014,military,97
2014,robots,74
2014,space_opera,64
2014,steampunk,136
2014,time_travel,94
2015,aliens,112
2015,alternate_history,68
2015,alternate_universe,77
2015,apocalyptic,88
2015,cyberpunk,69
2015,dystopia,76
2015,hard,58
2015,military,115
2015,robots,97
2015,space_opera,81
2015,steampunk,118
2015,time_travel,83
2016,aliens,129
2016,alternate_history,72
2016,alternate_universe,78
2016,apocalyptic,56
2016,cyberpunk,66
2016,dystopia,64
2016,hard,40
2016,military,105
2016,robots,79
2016,space_opera,80
2016,steampunk,68
2016,time_travel,54
2017,aliens,87
2017,alternate_history,52
2017,alternate_universe,90
2017,apocalyptic,48
2017,cyberpunk,62
2017,dystopia,56
2017,hard,49
2017,military,82
2017,robots,83
2017,space_opera,71
2017,steampunk,54
2017,time_travel,52
2018,aliens,101
2018,alternate_history,58
2018,alternate_universe,81
2018,apocalyptic,24
2018,cyberpunk,43
2018,dystopia,44
2018,hard,40
2018,military,64
2018,robots,90
2018,space_opera,60
2018,steampunk,38
2018,time_travel,44
2019,aliens,82
2019,alternate_history,33
2019,alternate_universe,65
2019,apocalyptic,31
2019,cyberpunk,35
2019,dystopia,39
2019,hard,40
2019,military,34
2019,robots,60
2019,space_opera,48
2019,steampunk,23
2019,time_travel,34
2020,aliens,45
2020,alternate_history,24
2020,alternate_universe,35
2020,apocalyptic,21
2020,cyberpunk,25
2020,dystopia,25
2020,hard,18
2020,military,24
2020,robots,56
2020,space_opera,27
2020,steampunk,10
2020,time_travel,15
2021,aliens,3
2021,alternate_history,2
2021,alternate_universe,1
2021,apocalyptic,4
2021,dystopia,4
2021,military,1
2021,robots,5
2021,space_opera,7
2021,time_travel,1
2022,aliens,4
2022,alternate_history,1
2022,alternate_universe,1
2022,apocalyptic,1
2022,dystopia,1
2022,robots,4
2022,space_opera,6
2023,alternate_universe,3
2023,apocalyptic,3
2023,dystopia,3
2023,robots,2
2023,space_opera,6
2024,apocalyptic,2
2024,dystopia,8
2024,military,2
2024,robots,1
2024,space_opera,5
2024,time_travel,1
2025,aliens,1
2025,apocalyptic,4
2025,cyberpunk,1
2025,dystopia,3
2025,robots,5
2025,space_opera,3
2025,time_travel,1
